context,workload,N,U,is_oc_development_context,original_arrival_seed,original_job_table_hash,search_runtime_seed,workload_path,workload_sha256,experiment_path,experiment_sha256,cluster_path,cluster_sha256,grid_path,grid_sha256,grid_trace_hash,policy,policy_parameters,duration_seconds,iso_start_hour,job_types,domain,tracking_limit,qos_limit,cost_config_sha256,v3_checkpoint_sha256,v3_bank_path,v3_bank_id,v3_bank_manifest_sha256,v3_bank_original_seconds,original16_manifest_sha256,v3_breadth_manifest_sha256
W1-train-qos3333/N250_U0.6,W1-train-qos3333,250,0.6,False,65583180,7cd583842fb54ddcd84988ef42e307c3db02d8eafdb2fc141a888005483fc64b,3122970382,.deps/FlexDC/configs/workload/W1-train-qos3333.ini,f166c1b1719f4321fcfc33c063e2716599f61dc3c1ab7f6a2bfaf394e4384f1d,.deps/FlexDC/configs/experiment/new_iso/traditional_signal/generated_server_counts/exp_traditional_iso16_servers_250.ini,2850ce43e8c57a52939949e3517dd2f55ca7d6f2c636802071e46f8f78d6f521,.deps/FlexDC/configs/cluster/cluster.ini,da8643388be4618a538d6dc6c0a006ee2d62d64064f47d3a209d83c05d3393d5,.deps/FlexDC/data/1-17-2025_traditional.csv,b33e986fa6410b715fc86cd7f3c2e868c42a7379e6cd8eeea99fa81211000413,9b3a11b9e02c40c81b25a0a73aef2c60189f73028d162a91160a43321b384ce5,AQA,"{""node_count_control"": true}",3600,16,"[""Resnet.train.4"", ""GPT2.train.4"", ""Llama.train.4"", ""Bloom.train.4""]","{""lower"": [0.15, 0.15, 0.15, 0.15], ""p_lower"": 0.1791, ""p_upper"": 0.763, ""pr_upper"": 0.9156, ""r_lower"": 0.01, ""r_over_p"": 0.6, ""upper"": [0.45, 0.45, 0.45, 0.45]}",0.3,0.1,f20f3f78f53cca79d29c8b077747df86d9a23dc5bf19a5870142154c9b0567c4,7f60e28dfc836053064c772c95acc56eb73999b145fa314e98f7b39cf4d0c38a,runs/experiments/argos_original16_fixed_table_20260923T173830Z/cache/v3_banks/cae1e42a582a157251a3d9b4765022a599a09059bc285ef830c33dbaed3c2f12,cae1e42a582a157251a3d9b4765022a599a09059bc285ef830c33dbaed3c2f12,97cd23b0de9cf4a0b7ee7e71e3f2d82dfacab375725de57f34544187ecef8a7a,316.58627480000723,9376463cb78f67e2fec13f62f228a4c5b11b55cf214b2e24d1398870176e24af,65afeb0d1d679c983e203c467cff8d3808648cf6a67417f9ee18f714dda90627
W1-train-qos3333/N250_U0.8,W1-train-qos3333,250,0.8,False,65583180,adec6f6c55ad6932d5619349c6652f1c47e0a88ee6f99ebb4c545102e87e8e1f,3122970382,.deps/FlexDC/configs/workload/W1-train-qos3333.ini,f166c1b1719f4321fcfc33c063e2716599f61dc3c1ab7f6a2bfaf394e4384f1d,.deps/FlexDC/configs/experiment/new_iso/traditional_signal/generated_server_counts/exp_traditional_iso16_servers_250.ini,2850ce43e8c57a52939949e3517dd2f55ca7d6f2c636802071e46f8f78d6f521,.deps/FlexDC/configs/cluster/cluster.ini,da8643388be4618a538d6dc6c0a006ee2d62d64064f47d3a209d83c05d3393d5,.deps/FlexDC/data/1-17-2025_traditional.csv,b33e986fa6410b715fc86cd7f3c2e868c42a7379e6cd8eeea99fa81211000413,9b3a11b9e02c40c81b25a0a73aef2c60189f73028d162a91160a43321b384ce5,AQA,"{""node_count_control"": true}",3600,16,"[""Resnet.train.4"", ""GPT2.train.4"", ""Llama.train.4"", ""Bloom.train.4""]","{""lower"": [0.15, 0.15, 0.15, 0.15], ""p_lower"": 0.1791, ""p_upper"": 0.763, ""pr_upper"": 0.9156, ""r_lower"": 0.01, ""r_over_p"": 0.6, ""upper"": [0.45, 0.45, 0.45, 0.45]}",0.3,0.1,f20f3f78f53cca79d29c8b077747df86d9a23dc5bf19a5870142154c9b0567c4,7f60e28dfc836053064c772c95acc56eb73999b145fa314e98f7b39cf4d0c38a,runs/experiments/argos_original16_fixed_table_20260923T173830Z/cache/v3_banks/5608535b1bbc7ed13a7ea03756889035f20bdc9b33f410434025fe53125951cb,5608535b1bbc7ed13a7ea03756889035f20bdc9b33f410434025fe53125951cb,b607de0f02a50358e87adaa8c381c5cf488665095c68ec1abe7df2e6332679cf,370.2877790000057,9376463cb78f67e2fec13f62f228a4c5b11b55cf214b2e24d1398870176e24af,65afeb0d1d679c983e203c467cff8d3808648cf6a67417f9ee18f714dda90627
W1-train-qos3333/N1000_U0.6,W1-train-qos3333,1000,0.6,False,65583180,e22f55fe1e4e14d33b1aa6b3abfe01d4da28403218cb1a3f7a1abfee9df28767,3122970382,.deps/FlexDC/configs/workload/W1-train-qos3333.ini,f166c1b1719f4321fcfc33c063e2716599f61dc3c1ab7f6a2bfaf394e4384f1d,.deps/FlexDC/configs/experiment/new_iso/traditional_signal/generated_server_counts/exp_traditional_iso16_servers_1000.ini,e358c47a2fb3f33d6480ef8175d8373117b02916a2c2215e36dea85531b62a7e,.deps/FlexDC/configs/cluster/cluster.ini,da8643388be4618a538d6dc6c0a006ee2d62d64064f47d3a209d83c05d3393d5,.deps/FlexDC/data/1-17-2025_traditional.csv,b33e986fa6410b715fc86cd7f3c2e868c42a7379e6cd8eeea99fa81211000413,9b3a11b9e02c40c81b25a0a73aef2c60189f73028d162a91160a43321b384ce5,AQA,"{""node_count_control"": true}",3600,16,"[""Resnet.train.4"", ""GPT2.train.4"", ""Llama.train.4"", ""Bloom.train.4""]","{""lower"": [0.15, 0.15, 0.15, 0.15], ""p_lower"": 0.1791, ""p_upper"": 0.763, ""pr_upper"": 0.9156, ""r_lower"": 0.01, ""r_over_p"": 0.6, ""upper"": [0.45, 0.45, 0.45, 0.45]}",0.3,0.1,f20f3f78f53cca79d29c8b077747df86d9a23dc5bf19a5870142154c9b0567c4,7f60e28dfc836053064c772c95acc56eb73999b145fa314e98f7b39cf4d0c38a,runs/experiments/argos_original16_fixed_table_20260923T173830Z/cache/v3_banks/f854ec672b6c8ac7ddf022349fa569738acbc2d5f299ae3b80e6d6fa194ff3be,f854ec672b6c8ac7ddf022349fa569738acbc2d5f299ae3b80e6d6fa194ff3be,48adb780d3e84476e8d7771a86c9d1291db2a8d96f42e0cfe8fb146f2cf4ef73,362.3766276999959,9376463cb78f67e2fec13f62f228a4c5b11b55cf214b2e24d1398870176e24af,65afeb0d1d679c983e203c467cff8d3808648cf6a67417f9ee18f714dda90627
W1-train-qos3333/N1000_U0.8,W1-train-qos3333,1000,0.8,False,65583180,2e40236b966e2b1ae1deff46cf92293c1dbc9d843c8d159bf88830b745567196,3122970382,.deps/FlexDC/configs/workload/W1-train-qos3333.ini,f166c1b1719f4321fcfc33c063e2716599f61dc3c1ab7f6a2bfaf394e4384f1d,.deps/FlexDC/configs/experiment/new_iso/traditional_signal/generated_server_counts/exp_traditional_iso16_servers_1000.ini,e358c47a2fb3f33d6480ef8175d8373117b02916a2c2215e36dea85531b62a7e,.deps/FlexDC/configs/cluster/cluster.ini,da8643388be4618a538d6dc6c0a006ee2d62d64064f47d3a209d83c05d3393d5,.deps/FlexDC/data/1-17-2025_traditional.csv,b33e986fa6410b715fc86cd7f3c2e868c42a7379e6cd8eeea99fa81211000413,9b3a11b9e02c40c81b25a0a73aef2c60189f73028d162a91160a43321b384ce5,AQA,"{""node_count_control"": true}",3600,16,"[""Resnet.train.4"", ""GPT2.train.4"", ""Llama.train.4"", ""Bloom.train.4""]","{""lower"": [0.15, 0.15, 0.15, 0.15], ""p_lower"": 0.1791, ""p_upper"": 0.763, ""pr_upper"": 0.9156, ""r_lower"": 0.01, ""r_over_p"": 0.6, ""upper"": [0.45, 0.45, 0.45, 0.45]}",0.3,0.1,f20f3f78f53cca79d29c8b077747df86d9a23dc5bf19a5870142154c9b0567c4,7f60e28dfc836053064c772c95acc56eb73999b145fa314e98f7b39cf4d0c38a,runs/experiments/argos_original16_fixed_table_20260923T173830Z/cache/v3_banks/d8279edc8b361ba3231feeea5450a3317cce5d145c6fbb6052316c42c3a0c403,d8279edc8b361ba3231feeea5450a3317cce5d145c6fbb6052316c42c3a0c403,a1c6fdf7e93563bfffc22abb62c32efa92fa8d79dbb932c1da7e4632fe3adde6,374.50395600000047,9376463cb78f67e2fec13f62f228a4c5b11b55cf214b2e24d1398870176e24af,65afeb0d1d679c983e203c467cff8d3808648cf6a67417f9ee18f714dda90627
W1-train-qos4444/N250_U0.6,W1-train-qos4444,250,0.6,False,65583180,2ed0ecde2e19479e5e7d8554240731c1f039bbf4f221a9b040a373f96755b26b,3122970382,.deps/FlexDC/configs/workload/W1-train-qos4444.ini,27337bc0143e9b41efcc0970ac953ecfd9a82ba65222fcf09677ff55b58e3d09,.deps/FlexDC/configs/experiment/new_iso/traditional_signal/generated_server_counts/exp_traditional_iso16_servers_250.ini,2850ce43e8c57a52939949e3517dd2f55ca7d6f2c636802071e46f8f78d6f521,.deps/FlexDC/configs/cluster/cluster.ini,da8643388be4618a538d6dc6c0a006ee2d62d64064f47d3a209d83c05d3393d5,.deps/FlexDC/data/1-17-2025_traditional.csv,b33e986fa6410b715fc86cd7f3c2e868c42a7379e6cd8eeea99fa81211000413,9b3a11b9e02c40c81b25a0a73aef2c60189f73028d162a91160a43321b384ce5,AQA,"{""node_count_control"": true}",3600,16,"[""Resnet.train.4"", ""GPT2.train.4"", ""Llama.train.4"", ""Bloom.train.4""]","{""lower"": [0.15, 0.15, 0.15, 0.15], ""p_lower"": 0.1791, ""p_upper"": 0.763, ""pr_upper"": 0.9156, ""r_lower"": 0.01, ""r_over_p"": 0.6, ""upper"": [0.45, 0.45, 0.45, 0.45]}",0.3,0.1,f20f3f78f53cca79d29c8b077747df86d9a23dc5bf19a5870142154c9b0567c4,7f60e28dfc836053064c772c95acc56eb73999b145fa314e98f7b39cf4d0c38a,runs/experiments/argos_original16_fixed_table_20260923T173830Z/cache/v3_banks/d2221137876b24f1ad7d7bbb755a0cc1cc1242385534a887f2b1a3f3acc43849,d2221137876b24f1ad7d7bbb755a0cc1cc1242385534a887f2b1a3f3acc43849,9ab713b4dcb979384ac22a224d976665bd648d081cecd3b52a7ae4d01caff878,368.55327600002056,9376463cb78f67e2fec13f62f228a4c5b11b55cf214b2e24d1398870176e24af,65afeb0d1d679c983e203c467cff8d3808648cf6a67417f9ee18f714dda90627
W1-train-qos4444/N250_U0.8,W1-train-qos4444,250,0.8,False,65583180,7e1eededbed35e099f51d3e5b496d4bcdcf128e7bf0e80eaedb496b9150e23c7,3122970382,.deps/FlexDC/configs/workload/W1-train-qos4444.ini,27337bc0143e9b41efcc0970ac953ecfd9a82ba65222fcf09677ff55b58e3d09,.deps/FlexDC/configs/experiment/new_iso/traditional_signal/generated_server_counts/exp_traditional_iso16_servers_250.ini,2850ce43e8c57a52939949e3517dd2f55ca7d6f2c636802071e46f8f78d6f521,.deps/FlexDC/configs/cluster/cluster.ini,da8643388be4618a538d6dc6c0a006ee2d62d64064f47d3a209d83c05d3393d5,.deps/FlexDC/data/1-17-2025_traditional.csv,b33e986fa6410b715fc86cd7f3c2e868c42a7379e6cd8eeea99fa81211000413,9b3a11b9e02c40c81b25a0a73aef2c60189f73028d162a91160a43321b384ce5,AQA,"{""node_count_control"": true}",3600,16,"[""Resnet.train.4"", ""GPT2.train.4"", ""Llama.train.4"", ""Bloom.train.4""]","{""lower"": [0.15, 0.15, 0.15, 0.15], ""p_lower"": 0.1791, ""p_upper"": 0.763, ""pr_upper"": 0.9156, ""r_lower"": 0.01, ""r_over_p"": 0.6, ""upper"": [0.45, 0.45, 0.45, 0.45]}",0.3,0.1,f20f3f78f53cca79d29c8b077747df86d9a23dc5bf19a5870142154c9b0567c4,7f60e28dfc836053064c772c95acc56eb73999b145fa314e98f7b39cf4d0c38a,runs/experiments/argos_original16_fixed_table_20260923T173830Z/cache/v3_banks/07b85c3b921c908c9ce180c3e4bd6e4e7b4f50e57db9d4f311b264d7cb5cb133,07b85c3b921c908c9ce180c3e4bd6e4e7b4f50e57db9d4f311b264d7cb5cb133,1f1383938cd523d1660f9ea3e12779cecc1df07083d0e63d6975a624e3ea9c3d,361.8531488000008,9376463cb78f67e2fec13f62f228a4c5b11b55cf214b2e24d1398870176e24af,65afeb0d1d679c983e203c467cff8d3808648cf6a67417f9ee18f714dda90627
W1-train-qos4444/N1000_U0.6,W1-train-qos4444,1000,0.6,False,65583180,227ec11f627e40d0416b083313038c92265d0578701f5ccf088f4f9b6bab8fb2,3122970382,.deps/FlexDC/configs/workload/W1-train-qos4444.ini,27337bc0143e9b41efcc0970ac953ecfd9a82ba65222fcf09677ff55b58e3d09,.deps/FlexDC/configs/experiment/new_iso/traditional_signal/generated_server_counts/exp_traditional_iso16_servers_1000.ini,e358c47a2fb3f33d6480ef8175d8373117b02916a2c2215e36dea85531b62a7e,.deps/FlexDC/configs/cluster/cluster.ini,da8643388be4618a538d6dc6c0a006ee2d62d64064f47d3a209d83c05d3393d5,.deps/FlexDC/data/1-17-2025_traditional.csv,b33e986fa6410b715fc86cd7f3c2e868c42a7379e6cd8eeea99fa81211000413,9b3a11b9e02c40c81b25a0a73aef2c60189f73028d162a91160a43321b384ce5,AQA,"{""node_count_control"": true}",3600,16,"[""Resnet.train.4"", ""GPT2.train.4"", ""Llama.train.4"", ""Bloom.train.4""]","{""lower"": [0.15, 0.15, 0.15, 0.15], ""p_lower"": 0.1791, ""p_upper"": 0.763, ""pr_upper"": 0.9156, ""r_lower"": 0.01, ""r_over_p"": 0.6, ""upper"": [0.45, 0.45, 0.45, 0.45]}",0.3,0.1,f20f3f78f53cca79d29c8b077747df86d9a23dc5bf19a5870142154c9b0567c4,7f60e28dfc836053064c772c95acc56eb73999b145fa314e98f7b39cf4d0c38a,runs/experiments/argos_original16_fixed_table_20260923T173830Z/cache/v3_banks/29276359c6997b416b846a2b21d7689d4ca2e821e54d5b3986e1e243394ee917,29276359c6997b416b846a2b21d7689d4ca2e821e54d5b3986e1e243394ee917,db684e003990b8b976ba1978d4607a2eeb006b376df145f04d79e62978309635,374.1236747999792,9376463cb78f67e2fec13f62f228a4c5b11b55cf214b2e24d1398870176e24af,65afeb0d1d679c983e203c467cff8d3808648cf6a67417f9ee18f714dda90627
W1-train-qos4444/N1000_U0.8,W1-train-qos4444,1000,0.8,False,65583180,cc7f435162efd4df47a5b7e4aa1b85f640747cd42d3d275309cde6ee2263f9c5,3122970382,.deps/FlexDC/configs/workload/W1-train-qos4444.ini,27337bc0143e9b41efcc0970ac953ecfd9a82ba65222fcf09677ff55b58e3d09,.deps/FlexDC/configs/experiment/new_iso/traditional_signal/generated_server_counts/exp_traditional_iso16_servers_1000.ini,e358c47a2fb3f33d6480ef8175d8373117b02916a2c2215e36dea85531b62a7e,.deps/FlexDC/configs/cluster/cluster.ini,da8643388be4618a538d6dc6c0a006ee2d62d64064f47d3a209d83c05d3393d5,.deps/FlexDC/data/1-17-2025_traditional.csv,b33e986fa6410b715fc86cd7f3c2e868c42a7379e6cd8eeea99fa81211000413,9b3a11b9e02c40c81b25a0a73aef2c60189f73028d162a91160a43321b384ce5,AQA,"{""node_count_control"": true}",3600,16,"[""Resnet.train.4"", ""GPT2.train.4"", ""Llama.train.4"", ""Bloom.train.4""]","{""lower"": [0.15, 0.15, 0.15, 0.15], ""p_lower"": 0.1791, ""p_upper"": 0.763, ""pr_upper"": 0.9156, ""r_lower"": 0.01, ""r_over_p"": 0.6, ""upper"": [0.45, 0.45, 0.45, 0.45]}",0.3,0.1,f20f3f78f53cca79d29c8b077747df86d9a23dc5bf19a5870142154c9b0567c4,7f60e28dfc836053064c772c95acc56eb73999b145fa314e98f7b39cf4d0c38a,runs/experiments/argos_original16_fixed_table_20260923T173830Z/cache/v3_banks/d8ac3e78671268fea29d7b09527683872ec999a1d58e3ff3bd07f04ed052d25c,d8ac3e78671268fea29d7b09527683872ec999a1d58e3ff3bd07f04ed052d25c,605a8ced1757c114cef1209e180116f51f275605257ff31cfb5505b343171150,362.8311781999946,9376463cb78f67e2fec13f62f228a4c5b11b55cf214b2e24d1398870176e24af,65afeb0d1d679c983e203c467cff8d3808648cf6a67417f9ee18f714dda90627
W2-short-qos5_4.5_4_3.5/N250_U0.6,W2-short-qos5_4.5_4_3.5,250,0.6,False,65583180,9dc4a3da55e00c4b9abe20caedc45063a443b113e20c8bf08006a75a9fc9a26a,3122970382,.deps/FlexDC/configs/workload/W2-short-qos5_4.5_4_3.5.ini,432b2d7a9f3eb87d305692001c25b83efa4db49387149d3f0ef523bf6ea10c15,.deps/FlexDC/configs/experiment/new_iso/traditional_signal/generated_server_counts/exp_traditional_iso16_servers_250.ini,2850ce43e8c57a52939949e3517dd2f55ca7d6f2c636802071e46f8f78d6f521,.deps/FlexDC/configs/cluster/cluster.ini,da8643388be4618a538d6dc6c0a006ee2d62d64064f47d3a209d83c05d3393d5,.deps/FlexDC/data/1-17-2025_traditional.csv,b33e986fa6410b715fc86cd7f3c2e868c42a7379e6cd8eeea99fa81211000413,9b3a11b9e02c40c81b25a0a73aef2c60189f73028d162a91160a43321b384ce5,AQA,"{""node_count_control"": true}",3600,16,"[""Resnet.infer.4"", ""GPT2.infer.4"", ""Llama.infer.4"", ""Bloom.infer.4""]","{""lower"": [0.15, 0.15, 0.15, 0.15], ""p_lower"": 0.17820000000000003, ""p_upper"": 0.732, ""pr_upper"": 0.8784, ""r_lower"": 0.01, ""r_over_p"": 0.6, ""upper"": [0.45, 0.45, 0.45, 0.45]}",0.3,0.1,f20f3f78f53cca79d29c8b077747df86d9a23dc5bf19a5870142154c9b0567c4,7f60e28dfc836053064c772c95acc56eb73999b145fa314e98f7b39cf4d0c38a,runs/experiments/argos_original16_fixed_table_20260923T173830Z/cache/v3_banks/dfd0eaf41675d37ce95d4d419dfffce25ae0158fcf9d8384df26fdbd5cb4f14c,dfd0eaf41675d37ce95d4d419dfffce25ae0158fcf9d8384df26fdbd5cb4f14c,b05e4b22d48276e60ed8c3234c09d6a1097d62e7b94ad320a19fd7603ce859e7,353.08321319997776,9376463cb78f67e2fec13f62f228a4c5b11b55cf214b2e24d1398870176e24af,65afeb0d1d679c983e203c467cff8d3808648cf6a67417f9ee18f714dda90627
W2-short-qos5_4.5_4_3.5/N250_U0.8,W2-short-qos5_4.5_4_3.5,250,0.8,False,65583180,5a0b1746f516780357d9445c3859fc680284d6fac51e73ed33214b53e9ffe50a,3122970382,.deps/FlexDC/configs/workload/W2-short-qos5_4.5_4_3.5.ini,432b2d7a9f3eb87d305692001c25b83efa4db49387149d3f0ef523bf6ea10c15,.deps/FlexDC/configs/experiment/new_iso/traditional_signal/generated_server_counts/exp_traditional_iso16_servers_250.ini,2850ce43e8c57a52939949e3517dd2f55ca7d6f2c636802071e46f8f78d6f521,.deps/FlexDC/configs/cluster/cluster.ini,da8643388be4618a538d6dc6c0a006ee2d62d64064f47d3a209d83c05d3393d5,.deps/FlexDC/data/1-17-2025_traditional.csv,b33e986fa6410b715fc86cd7f3c2e868c42a7379e6cd8eeea99fa81211000413,9b3a11b9e02c40c81b25a0a73aef2c60189f73028d162a91160a43321b384ce5,AQA,"{""node_count_control"": true}",3600,16,"[""Resnet.infer.4"", ""GPT2.infer.4"", ""Llama.infer.4"", ""Bloom.infer.4""]","{""lower"": [0.15, 0.15, 0.15, 0.15], ""p_lower"": 0.17820000000000003, ""p_upper"": 0.732, ""pr_upper"": 0.8784, ""r_lower"": 0.01, ""r_over_p"": 0.6, ""upper"": [0.45, 0.45, 0.45, 0.45]}",0.3,0.1,f20f3f78f53cca79d29c8b077747df86d9a23dc5bf19a5870142154c9b0567c4,7f60e28dfc836053064c772c95acc56eb73999b145fa314e98f7b39cf4d0c38a,runs/experiments/argos_original16_fixed_table_20260923T173830Z/cache/v3_banks/e5242b936adef61879d6f902c91465a4987545bfce918cce6329dee33b96ee9b,e5242b936adef61879d6f902c91465a4987545bfce918cce6329dee33b96ee9b,a53ba1be2216db5a29b09c4a4b2fc2fdfaec22f86503ab39507b0d4e293b7271,340.0754158999771,9376463cb78f67e2fec13f62f228a4c5b11b55cf214b2e24d1398870176e24af,65afeb0d1d679c983e203c467cff8d3808648cf6a67417f9ee18f714dda90627
W2-short-qos5_4.5_4_3.5/N1000_U0.6,W2-short-qos5_4.5_4_3.5,1000,0.6,True,65583180,3b7743a16d76fde790a52538296e6345575208fc2e33a33a0fd853a75add2081,3122970382,.deps/FlexDC/configs/workload/W2-short-qos5_4.5_4_3.5.ini,432b2d7a9f3eb87d305692001c25b83efa4db49387149d3f0ef523bf6ea10c15,.deps/FlexDC/configs/experiment/new_iso/traditional_signal/generated_server_counts/exp_traditional_iso16_servers_1000.ini,e358c47a2fb3f33d6480ef8175d8373117b02916a2c2215e36dea85531b62a7e,.deps/FlexDC/configs/cluster/cluster.ini,da8643388be4618a538d6dc6c0a006ee2d62d64064f47d3a209d83c05d3393d5,.deps/FlexDC/data/1-17-2025_traditional.csv,b33e986fa6410b715fc86cd7f3c2e868c42a7379e6cd8eeea99fa81211000413,9b3a11b9e02c40c81b25a0a73aef2c60189f73028d162a91160a43321b384ce5,AQA,"{""node_count_control"": true}",3600,16,"[""Resnet.infer.4"", ""GPT2.infer.4"", ""Llama.infer.4"", ""Bloom.infer.4""]","{""lower"": [0.15, 0.15, 0.15, 0.15], ""p_lower"": 0.17820000000000003, ""p_upper"": 0.732, ""pr_upper"": 0.8784, ""r_lower"": 0.01, ""r_over_p"": 0.6, ""upper"": [0.45, 0.45, 0.45, 0.45]}",0.3,0.1,f20f3f78f53cca79d29c8b077747df86d9a23dc5bf19a5870142154c9b0567c4,7f60e28dfc836053064c772c95acc56eb73999b145fa314e98f7b39cf4d0c38a,runs/experiments/argos_original16_fixed_table_20260923T173830Z/cache/v3_banks/b0667ee062d81e3d2fedd1a1c3b6d3742b8211ca6ff9e4434f82af17f2ed76b1,b0667ee062d81e3d2fedd1a1c3b6d3742b8211ca6ff9e4434f82af17f2ed76b1,0daf28f07c2fdaa6dc4c18fc97d925aedc30d6d8c35953cb42cf5ed816aa69f5,350.6485571000085,9376463cb78f67e2fec13f62f228a4c5b11b55cf214b2e24d1398870176e24af,65afeb0d1d679c983e203c467cff8d3808648cf6a67417f9ee18f714dda90627
W2-short-qos5_4.5_4_3.5/N1000_U0.8,W2-short-qos5_4.5_4_3.5,1000,0.8,False,65583180,1fb5ee997629336e246dfc31d5b0ff089b6147ed4c15490555e2f310bc511697,3122970382,.deps/FlexDC/configs/workload/W2-short-qos5_4.5_4_3.5.ini,432b2d7a9f3eb87d305692001c25b83efa4db49387149d3f0ef523bf6ea10c15,.deps/FlexDC/configs/experiment/new_iso/traditional_signal/generated_server_counts/exp_traditional_iso16_servers_1000.ini,e358c47a2fb3f33d6480ef8175d8373117b02916a2c2215e36dea85531b62a7e,.deps/FlexDC/configs/cluster/cluster.ini,da8643388be4618a538d6dc6c0a006ee2d62d64064f47d3a209d83c05d3393d5,.deps/FlexDC/data/1-17-2025_traditional.csv,b33e986fa6410b715fc86cd7f3c2e868c42a7379e6cd8eeea99fa81211000413,9b3a11b9e02c40c81b25a0a73aef2c60189f73028d162a91160a43321b384ce5,AQA,"{""node_count_control"": true}",3600,16,"[""Resnet.infer.4"", ""GPT2.infer.4"", ""Llama.infer.4"", ""Bloom.infer.4""]","{""lower"": [0.15, 0.15, 0.15, 0.15], ""p_lower"": 0.17820000000000003, ""p_upper"": 0.732, ""pr_upper"": 0.8784, ""r_lower"": 0.01, ""r_over_p"": 0.6, ""upper"": [0.45, 0.45, 0.45, 0.45]}",0.3,0.1,f20f3f78f53cca79d29c8b077747df86d9a23dc5bf19a5870142154c9b0567c4,7f60e28dfc836053064c772c95acc56eb73999b145fa314e98f7b39cf4d0c38a,runs/experiments/argos_original16_fixed_table_20260923T173830Z/cache/v3_banks/dececfdea8a2f035f78dd56928fae83ba9c10e46b63610d3ec2e7672a172d391,dececfdea8a2f035f78dd56928fae83ba9c10e46b63610d3ec2e7672a172d391,f83ecd6005e399877e63a91b3f76cdb18b717a1b9b91657d89a0d9c50619a547,348.03766970001743,9376463cb78f67e2fec13f62f228a4c5b11b55cf214b2e24d1398870176e24af,65afeb0d1d679c983e203c467cff8d3808648cf6a67417f9ee18f714dda90627
W2-short-qos5555/N250_U0.6,W2-short-qos5555,250,0.6,False,65583180,c477b2afb77283bc5a4aacc18c47c401b85a696d1739b3eeb7aa23c07a8ec10f,3122970382,.deps/FlexDC/configs/workload/W2-short-qos5555.ini,086a98b3cf7733c3ac08220bb606ca59e6c583cefb06b59518ebc706856cfdeb,.deps/FlexDC/configs/experiment/new_iso/traditional_signal/generated_server_counts/exp_traditional_iso16_servers_250.ini,2850ce43e8c57a52939949e3517dd2f55ca7d6f2c636802071e46f8f78d6f521,.deps/FlexDC/configs/cluster/cluster.ini,da8643388be4618a538d6dc6c0a006ee2d62d64064f47d3a209d83c05d3393d5,.deps/FlexDC/data/1-17-2025_traditional.csv,b33e986fa6410b715fc86cd7f3c2e868c42a7379e6cd8eeea99fa81211000413,9b3a11b9e02c40c81b25a0a73aef2c60189f73028d162a91160a43321b384ce5,AQA,"{""node_count_control"": true}",3600,16,"[""Resnet.infer.4"", ""GPT2.infer.4"", ""Llama.infer.4"", ""Bloom.infer.4""]","{""lower"": [0.15, 0.15, 0.15, 0.15], ""p_lower"": 0.17820000000000003, ""p_upper"": 0.732, ""pr_upper"": 0.8784, ""r_lower"": 0.01, ""r_over_p"": 0.6, ""upper"": [0.45, 0.45, 0.45, 0.45]}",0.3,0.1,f20f3f78f53cca79d29c8b077747df86d9a23dc5bf19a5870142154c9b0567c4,7f60e28dfc836053064c772c95acc56eb73999b145fa314e98f7b39cf4d0c38a,runs/experiments/argos_original16_fixed_table_20260923T173830Z/cache/v3_banks/936fca6f606a8ff23a82b456d94ea24fe2329520d178cd11dbc52f09ab20a968,936fca6f606a8ff23a82b456d94ea24fe2329520d178cd11dbc52f09ab20a968,de64040ae6b08ba749ad10bf4c2873efe106a0965d2b5e59ddbb5cbec482d6f1,340.85755779998726,9376463cb78f67e2fec13f62f228a4c5b11b55cf214b2e24d1398870176e24af,65afeb0d1d679c983e203c467cff8d3808648cf6a67417f9ee18f714dda90627
W2-short-qos5555/N250_U0.8,W2-short-qos5555,250,0.8,False,65583180,e6daa46a6f5f785d1d0b1b5d19d9f586ac88f5fb7fddb715f00518582b10b13b,3122970382,.deps/FlexDC/configs/workload/W2-short-qos5555.ini,086a98b3cf7733c3ac08220bb606ca59e6c583cefb06b59518ebc706856cfdeb,.deps/FlexDC/configs/experiment/new_iso/traditional_signal/generated_server_counts/exp_traditional_iso16_servers_250.ini,2850ce43e8c57a52939949e3517dd2f55ca7d6f2c636802071e46f8f78d6f521,.deps/FlexDC/configs/cluster/cluster.ini,da8643388be4618a538d6dc6c0a006ee2d62d64064f47d3a209d83c05d3393d5,.deps/FlexDC/data/1-17-2025_traditional.csv,b33e986fa6410b715fc86cd7f3c2e868c42a7379e6cd8eeea99fa81211000413,9b3a11b9e02c40c81b25a0a73aef2c60189f73028d162a91160a43321b384ce5,AQA,"{""node_count_control"": true}",3600,16,"[""Resnet.infer.4"", ""GPT2.infer.4"", ""Llama.infer.4"", ""Bloom.infer.4""]","{""lower"": [0.15, 0.15, 0.15, 0.15], ""p_lower"": 0.17820000000000003, ""p_upper"": 0.732, ""pr_upper"": 0.8784, ""r_lower"": 0.01, ""r_over_p"": 0.6, ""upper"": [0.45, 0.45, 0.45, 0.45]}",0.3,0.1,f20f3f78f53cca79d29c8b077747df86d9a23dc5bf19a5870142154c9b0567c4,7f60e28dfc836053064c772c95acc56eb73999b145fa314e98f7b39cf4d0c38a,runs/experiments/argos_original16_fixed_table_20260923T173830Z/cache/v3_banks/8cc81a060d974051e9ff34e87a29b58d4ceea17ecdf3d1837c95560f879b5350,8cc81a060d974051e9ff34e87a29b58d4ceea17ecdf3d1837c95560f879b5350,53dbea7a0cb36c7011fc8e08895ae9f816393ffb81e77e1b47cb09406be45c5b,340.61969880000106,9376463cb78f67e2fec13f62f228a4c5b11b55cf214b2e24d1398870176e24af,65afeb0d1d679c983e203c467cff8d3808648cf6a67417f9ee18f714dda90627
W2-short-qos5555/N1000_U0.6,W2-short-qos5555,1000,0.6,False,65583180,dbd243ed5d084484d3ba9d216db98b45d758bc05efa7124b7414251eb6436835,3122970382,.deps/FlexDC/configs/workload/W2-short-qos5555.ini,086a98b3cf7733c3ac08220bb606ca59e6c583cefb06b59518ebc706856cfdeb,.deps/FlexDC/configs/experiment/new_iso/traditional_signal/generated_server_counts/exp_traditional_iso16_servers_1000.ini,e358c47a2fb3f33d6480ef8175d8373117b02916a2c2215e36dea85531b62a7e,.deps/FlexDC/configs/cluster/cluster.ini,da8643388be4618a538d6dc6c0a006ee2d62d64064f47d3a209d83c05d3393d5,.deps/FlexDC/data/1-17-2025_traditional.csv,b33e986fa6410b715fc86cd7f3c2e868c42a7379e6cd8eeea99fa81211000413,9b3a11b9e02c40c81b25a0a73aef2c60189f73028d162a91160a43321b384ce5,AQA,"{""node_count_control"": true}",3600,16,"[""Resnet.infer.4"", ""GPT2.infer.4"", ""Llama.infer.4"", ""Bloom.infer.4""]","{""lower"": [0.15, 0.15, 0.15, 0.15], ""p_lower"": 0.17820000000000003, ""p_upper"": 0.732, ""pr_upper"": 0.8784, ""r_lower"": 0.01, ""r_over_p"": 0.6, ""upper"": [0.45, 0.45, 0.45, 0.45]}",0.3,0.1,f20f3f78f53cca79d29c8b077747df86d9a23dc5bf19a5870142154c9b0567c4,7f60e28dfc836053064c772c95acc56eb73999b145fa314e98f7b39cf4d0c38a,runs/experiments/argos_original16_fixed_table_20260923T173830Z/cache/v3_banks/b8be987c46d458d14a41f21ac414f7807cd2a9577105e43e535e634f431bc4bb,b8be987c46d458d14a41f21ac414f7807cd2a9577105e43e535e634f431bc4bb,063707877ccae670bfe387a7b5ff093bc42876a606953977b2fcefde728fa9e0,350.4196508000023,9376463cb78f67e2fec13f62f228a4c5b11b55cf214b2e24d1398870176e24af,65afeb0d1d679c983e203c467cff8d3808648cf6a67417f9ee18f714dda90627
W2-short-qos5555/N1000_U0.8,W2-short-qos5555,1000,0.8,False,65583180,bfe2192bdfbf02fee19f634e250246c28da4e86d5e395dbf2e9b431c6345978a,3122970382,.deps/FlexDC/configs/workload/W2-short-qos5555.ini,086a98b3cf7733c3ac08220bb606ca59e6c583cefb06b59518ebc706856cfdeb,.deps/FlexDC/configs/experiment/new_iso/traditional_signal/generated_server_counts/exp_traditional_iso16_servers_1000.ini,e358c47a2fb3f33d6480ef8175d8373117b02916a2c2215e36dea85531b62a7e,.deps/FlexDC/configs/cluster/cluster.ini,da8643388be4618a538d6dc6c0a006ee2d62d64064f47d3a209d83c05d3393d5,.deps/FlexDC/data/1-17-2025_traditional.csv,b33e986fa6410b715fc86cd7f3c2e868c42a7379e6cd8eeea99fa81211000413,9b3a11b9e02c40c81b25a0a73aef2c60189f73028d162a91160a43321b384ce5,AQA,"{""node_count_control"": true}",3600,16,"[""Resnet.infer.4"", ""GPT2.infer.4"", ""Llama.infer.4"", ""Bloom.infer.4""]","{""lower"": [0.15, 0.15, 0.15, 0.15], ""p_lower"": 0.17820000000000003, ""p_upper"": 0.732, ""pr_upper"": 0.8784, ""r_lower"": 0.01, ""r_over_p"": 0.6, ""upper"": [0.45, 0.45, 0.45, 0.45]}",0.3,0.1,f20f3f78f53cca79d29c8b077747df86d9a23dc5bf19a5870142154c9b0567c4,7f60e28dfc836053064c772c95acc56eb73999b145fa314e98f7b39cf4d0c38a,runs/experiments/argos_original16_fixed_table_20260923T173830Z/cache/v3_banks/17a766512a50e55336a3a1e2768c1a22a7ee0017540475bedc543031c371aeed,17a766512a50e55336a3a1e2768c1a22a7ee0017540475bedc543031c371aeed,be260e2086228e0726c043e8b77a032b38951e3a691b6e177a1eb292c6336088,346.9463778999925,9376463cb78f67e2fec13f62f228a4c5b11b55cf214b2e24d1398870176e24af,65afeb0d1d679c983e203c467cff8d3808648cf6a67417f9ee18f714dda90627
