identity,p90,Pj,simulator_power_cost,simulator_mean_tracking_monetary,legacy_economic_term,legacy_tracking_transform,legacy_qos,legacy_full,paper_M_RSR,paper_Ctrack,paper_CQoS,paper_full,legacy_minus_paper
c005_a1507332087_r1507332087,0.205,"[0.0, 0.0, 0.0392625016580449, 0.23258491652274038]",37.003600000000006,0.5604414328888889,37.003600000000006,2.060045089442055,53.30053311986354,92.3641782093056,37.56404143288889,0.32695640685095206,53.30053311986354,91.19153095960337,1.172647249702237
c005_a1507332087_r1841060571,0.203,"[0.0, 0.0, 0.03349250563735251, 0.24409902130109384]",37.003600000000006,0.5734284790000002,37.003600000000006,2.1774247189051326,53.45440305859138,92.63542777749652,37.577028479000006,0.32141881317184706,53.45440305859138,91.35285035076323,1.2825774267332832
c005_a1507332087_r2381098110,0.203,"[0.0, 0.0, 0.03588009019763905, 0.23233818570606135]",37.003600000000006,0.5589757108333334,37.003600000000006,2.0470324206467287,53.23151813313375,92.28215055378048,37.562575710833336,0.32141881317184706,53.23151813313375,91.11551265713892,1.1666378966415607
c005_a1507332087_r2495920665,0.205,"[0.0, 0.0, 0.03727284785780616, 0.2249362612056912]",37.003600000000006,0.5552725309444445,37.003600000000006,2.0143684910186024,53.09063166325068,92.10860015426928,37.55887253094445,0.32695640685095206,53.09063166325068,90.97646060104609,1.1321395532231975
c005_a2720817509_r1841060571,0.319,"[0.0, 0.013388903360250004, 0.0, 0.1800472736164317]",37.003600000000006,0.7910032557222222,37.003600000000006,4.680665076135258,51.659094106595376,93.34335918273064,37.79460325572223,0.7926529092986134,51.659094106595376,90.24635027161622,3.097008911114415
c005_a2720817509_r2381098110,0.314,"[0.0, 0.020109403490492284, 0.0, 0.19471839595729068]",37.003600000000006,0.7857450858333335,37.003600000000006,4.6085450775936785,52.10133719886723,93.71348227646091,37.78934508583334,0.7655951823371514,52.10133719886723,90.65627746703771,3.0572048094231974
c005_a2720817509_r2495920665,0.314,"[0.0, 0.013388903360250004, 0.0, 0.14972695411198955]",37.003600000000006,0.7848120918333334,37.003600000000006,4.595807359053009,51.01339788322948,92.61280524228249,37.78841209183334,0.7655951823371514,51.01339788322948,89.56740515739996,3.0454000848825302
c005_a2720817509_r2720817509,0.319,"[0.0, 0.01531648866892421, 0.0, 0.17792811150052978]",37.003600000000006,0.7896843938333334,37.003600000000006,4.662522745639163,51.648627963348574,93.31475070898775,37.79328439383334,0.7926529092986134,51.648627963348574,90.23456526648053,3.080185442507215
c005_a2812640469_r1841060571,0.314,"[0.0, 0.030487487643723, 0.0, 0.06173456635841046]",37.003600000000006,0.8030832243333335,37.003600000000006,4.848489978511948,49.558802970141784,91.41089294865374,37.80668322433334,0.7655951823371514,49.558802970141784,88.13108137681228,3.2798115718414635
c005_a2812640469_r2381098110,0.304,"[0.0, 0.03792726705166227, 0.0, 0.06331750395734403]",37.003600000000006,0.8046842881111113,37.003600000000006,4.870956695791447,49.72829598048387,91.60285267627532,37.80828428811112,0.7133471672280342,49.72829598048387,88.24992743582303,3.3529252404522936
c005_a2812640469_r2495920665,0.314,"[0.0, 0.030331408355444567, 0.0, 0.055902690993918314]",37.003600000000006,0.8017989177777779,37.003600000000006,4.830505890803063,49.44406132541144,91.27816721621451,37.80539891777779,0.7655951823371514,49.44406132541144,88.01505542552637,3.263111790688143
c005_a2812640469_r2812640469,0.311,"[0.0, 0.027938192601841716, 0.0, 0.05315337832208622]",37.003600000000006,0.804756278388889,37.003600000000006,4.871968117512766,49.34709561254127,91.22266373005404,37.80835627838889,0.7496589186224231,49.34709561254127,87.90511080955257,3.3175529205014698
c005_a3385754323_r1841060571,0.396,"[0.0013419092129008936, 0.0, 0.0, 0.007249395883676235]",37.003600000000006,0.9281648921666668,37.003600000000006,6.760305224638016,48.00634848243958,91.7702537070776,37.931764892166676,1.2841775991951891,48.00634848243958,87.22229097380145,4.547962733276151
c005_a3385754323_r2381098110,0.385,"[0.0, 0.0, 0.0, 0.007999333388884144]",37.003600000000006,0.9274305913333334,37.003600000000006,6.748159561124224,47.99578453496599,91.74754409609022,37.93103059133334,1.205865068442196,47.99578453496599,87.13268019474152,4.6148639013486985
c005_a3385754323_r2495920665,0.409,"[0.0006940909721900868, 0.0, 0.0, 0.004332972252312217]",37.003600000000006,0.9318738312777779,37.003600000000006,6.821818637949052,47.94182077321219,91.76723941116126,37.93547383127778,1.3798421081740633,47.94182077321219,87.25713671266402,4.510102698497235
c005_a3385754323_r3385754323,0.383,"[0.0, 0.0, 0.0, 0.008082659778351764]",37.003600000000006,0.928792647388889,37.003600000000006,6.770697184563529,47.99729824105488,91.77159542561841,37.932392647388895,1.191895791987978,47.99729824105488,87.12158668043173,4.650008745186682
c005_a3463391848_r1841060571,0.242,"[0.0, 0.16584209441352304, 0.0, 0.1476048400464114]",37.003600000000006,0.5717323880555557,37.003600000000006,2.161883279913189,53.98635486752802,93.15183814744123,37.575332388055564,0.44462066950155305,53.98635486752802,92.00630792508514,1.1455302223560864
c005_a3463391848_r2381098110,0.247,"[0.0, 0.17475778190063906, 0.0, 0.1522459804409083]",37.003600000000006,0.5735782187777778,37.003600000000006,2.17879984841319,54.274636540566945,93.45703638898014,37.57717821877778,0.46285625355038446,54.274636540566945,92.3146710128951,1.1423653760850385
c005_a3463391848_r2495920665,0.247,"[0.0, 0.164553700267986, 0.0, 0.14064312945466595]",37.003600000000006,0.5812898173333334,37.003600000000006,2.250286874042412,53.81353557806392,93.06742245210634,37.58488981733334,0.46285625355038446,53.81353557806392,91.86128164894765,1.2061408031586893
c005_a3463391848_r3463391848,0.242,"[0.0, 0.1626984126984128, 0.0, 0.140228741919443]",37.003600000000006,0.566790975388889,37.003600000000006,2.1169670218967185,53.765449424285016,92.88601644618174,37.5703909753889,0.44462066950155305,53.765449424285016,91.78046106917546,1.105555377006283
c005_a422443260_r1841060571,0.348,"[0.0, 0.005990856061800498, 0.025857484711512835, 0.028025690216031296]",37.003600000000006,0.859258677888889,37.003600000000006,5.66793251561672,48.944015347158015,91.61554786277475,37.862858677888894,0.9616748743957433,48.944015347158015,87.76854889944264,3.846998963332112
c005_a422443260_r2381098110,0.343,"[0.0, 0.013085290871827193, 0.038620047859611706, 0.029110017516056352]",37.003600000000006,0.8560623095555556,37.003600000000006,5.619588583014127,49.33122530873415,91.95441389174829,37.85966230955556,0.9310837825796715,49.33122530873415,88.12197140086937,3.8324424908789183
c005_a422443260_r2495920665,0.352,"[0.0, 0.006095958799726797, 0.02971284232916771, 0.024272249562098502]",37.003600000000006,0.8596877399444446,37.003600000000006,5.67443767260117,48.94793405008548,91.62597172268666,37.863287739944454,0.986573094164618,48.94793405008548,87.79779488419456,3.828176838492098
c005_a422443260_r422443260,0.344,"[0.0, 0.012559777182195586, 0.04107950013294326, 0.029693886062223673]",37.003600000000006,0.8565547230555556,37.003600000000006,5.6270226823729335,49.37871719595347,92.00933987832641,37.86015472305556,0.9371544503321098,49.37871719595347,88.17602636934114,3.8333135089852703
c005_a598775175_r1841060571,0.256,"[0.0, 0.0, 0.0, 0.12662683146435294]",37.003600000000006,0.695236029,37.003600000000006,3.45628765484261,50.29090144730448,90.7507891021471,37.698836029000006,0.4971544503321099,50.29090144730448,88.48689192663659,2.2638971755105075
c005_a598775175_r2381098110,0.261,"[0.0, 0.0, 0.0, 0.12949169190472287]",37.003600000000006,0.6955556658333334,37.003600000000006,3.4600581088968463,50.34980595059148,90.81346405948833,37.69915566583334,0.517040396695427,50.34980595059148,88.56600201312024,2.247462046368085
c005_a598775175_r2495920665,0.254,"[0.0, 0.0, 0.0, 0.12097896373905215]",37.003600000000006,0.6959386541111112,37.003600000000006,3.464578673073097,50.17525589527082,90.64343456834393,37.699538654111116,0.48936721747427736,50.17525589527082,88.36416176685621,2.2792728014877213
c005_a598775175_r598775175,0.256,"[0.0, 0.0, 0.0, 0.11631333387902099]",37.003600000000006,0.6952907416111112,37.003600000000006,3.4569328963525487,50.0802035822683,90.54073647862086,37.698890741611116,0.4971544503321099,50.0802035822683,88.27624877421152,2.2644877044093334
c007_a1507332087_r1004088181,0.221,"[0.0, 0.0, 0.0, 0.30430134057077063]",40.4293,0.3312186041666667,40.4293,0.6165215539703426,54.251821298303526,95.29764285227387,40.76051860416666,0.37421163014175174,54.251821298303526,95.38655153261195,-0.0889086803380792
c007_a1507332087_r1507332087,0.221,"[0.0, 0.0, 0.0, 0.29895550620939226]",40.4293,0.34249334972222223,40.4293,0.6603330649930815,54.123634675258316,95.2132677402514,40.77179334972222,0.37421163014175174,54.123634675258316,95.26963965512229,-0.0563719148708941
c007_a1507332087_r3514694477,0.228,"[0.0, 0.0, 0.0, 0.2986265317871536]",40.4293,0.3424400976666667,40.4293,0.6601201415250978,54.11576420460077,95.20518434612586,40.771740097666665,0.3965940469802245,54.11576420460077,95.28409834924767,-0.07891400312180963
c007_a1507332087_r624506888,0.232,"[0.0, 0.0, 0.0, 0.31384159881569207]",40.4293,0.34542955788888896,40.4293,0.6721624604223037,54.48194684284954,95.58340930327185,40.77472955788889,0.4098667349636623,54.48194684284954,95.66654313570209,-0.08313383243023509
c007_a2720817509_r1004088181,0.288,"[0.0, 0.0, 0.0, 0.2745945064797457]",40.4293,0.4592163466666668,40.4293,1.2754205470935231,53.5464620811663,95.25118262825981,40.88851634666666,0.6349461015956134,53.5464620811663,95.06992452942856,0.18125809883125044
c007_a2720817509_r2720817509,0.293,"[0.0, 0.0, 0.0, 0.2768766810661015]",40.4293,0.47107135600000005,40.4293,1.3552026638063952,53.6000451903561,95.38454785416249,40.900371356,0.658759555548697,53.6000451903561,95.15917610190479,0.22537175225770056
c007_a2720817509_r3514694477,0.293,"[0.0, 0.0, 0.0, 0.2839677235308501]",40.4293,0.4705057824444445,40.4293,1.3513228438782743,53.76717949077691,95.54780233465519,40.899805782444446,0.658759555548697,53.76717949077691,95.32574482877004,0.2220575058851466
c007_a2720817509_r624506888,0.292,"[0.0, 0.0, 0.0, 0.2798924117695003]",40.4293,0.4632855382222223,40.4293,1.3024401519386843,53.67100630286435,95.40274645480304,40.89258553822222,0.65394696731759,53.67100630286435,95.21753880840416,0.18520764639887943
c007_a2812640469_r1004088181,0.293,"[0.0, 0.0, 0.0, 0.0611513788219612]",40.4293,0.5129972502222223,40.4293,1.6632732544522069,48.98939170951674,91.08196496396894,40.94229725022222,0.658759555548697,48.98939170951674,90.59044851528765,0.4915164486812955
c007_a2812640469_r2812640469,0.293,"[0.0, 0.0, 0.0, 0.06914937932183629]",40.4293,0.5168864865555556,40.4293,1.6938875780254945,49.14377945912881,91.2669670371543,40.946186486555554,0.658759555548697,49.14377945912881,90.74872550123305,0.5182415359212484
c007_a2812640469_r3514694477,0.287,"[0.0, 0.0, 0.0, 0.04798800299925021]",40.4293,0.5120717662222223,40.4293,1.656038914726512,48.73807612391499,90.8234150386415,40.94137176622222,0.6302581946816906,48.73807612391499,90.30970608481888,0.5137089538226149
c007_a2812640469_r624506888,0.287,"[0.0, 0.0, 0.0, 0.055152878447054965]",40.4293,0.5074168020555556,40.4293,1.6199476143145144,48.874439247791585,90.9236868621061,40.93671680205556,0.6302581946816906,48.874439247791585,90.44141424452881,0.48227261757728
c007_a3385754323_r1004088181,0.257,"[0.0, 0.0, 0.0, 0.0]",40.4293,0.39875139200000004,40.4293,0.918782616012587,47.851109550527354,89.19919216653994,40.828051392,0.5010837825796713,47.851109550527354,89.18024472510703,0.018947441432914047
c007_a3385754323_r3385754323,0.266,"[0.0, 0.0, 0.0, 0.0]",40.4293,0.3988487147222223,40.4293,0.9192897190618281,47.851109550527354,89.19969926958919,40.82814871472222,0.5375281114548288,47.851109550527354,89.21678637670439,-0.017087107115202116
c007_a3385754323_r3514694477,0.241,"[0.0, 0.0, 0.0, 0.0]",40.4293,0.36458928022222226,40.4293,0.7537368442055611,47.851109550527354,89.03414639473291,40.79388928022222,0.44104283770798075,47.851109550527354,89.08604166845755,-0.051895273724639424
c007_a3385754323_r624506888,0.263,"[0.0, 0.0, 0.0, 0.0]",40.4293,0.39452244427777783,40.4293,0.8969526849988918,47.851109550527354,89.17736223552625,40.82382244427777,0.5251629497306352,47.851109550527354,89.20009494453576,-0.022732709009517293
c007_a3463391848_r1004088181,0.276,"[0.0, 0.09121830550401988, 0.0, 0.11296204210177352]",40.4293,0.41553129833333335,40.4293,1.0093747340344346,51.7375002197562,93.17617495379064,40.84483129833333,0.580329966626426,51.7375002197562,93.16266148471595,0.013513469074680984
c007_a3463391848_r3463391848,0.273,"[0.0, 0.09003298289012585, 0.0, 0.06655063815680418]",40.4293,0.40910432611111114,40.4293,0.9739231551213386,50.795294328740695,92.19851748386203,40.83840432611111,0.5672321351223194,50.795294328740695,92.20093078997412,-0.0024133061120892307
c007_a3463391848_r3514694477,0.274,"[0.0, 0.08658008658008665, 0.0, 0.10575169898889436]",40.4293,0.4187356030555556,40.4293,1.0274010981181583,51.500209414337796,92.95691051245595,40.84803560305556,0.5715734864417377,51.500209414337796,92.91981850383509,0.03709200862085993
c007_a3463391848_r624506888,0.274,"[0.0, 0.07560296846011139, 0.0, 0.10939830929885619]",40.4293,0.4096056299444445,40.4293,0.9766546453179308,51.35830238311963,92.76425702843756,40.83890562994444,0.5715734864417377,51.35830238311963,92.76878149950579,-0.004524471068236835
c007_a422443260_r1004088181,0.3,"[0.0, 0.0, 0.0, 0.013762615731086836]",40.4293,0.5154872428888889,40.4293,1.6828337721921849,48.10080495676608,90.21293872895826,40.944787242888886,0.6931471805599453,48.10080495676608,89.73873938021492,0.47419934874334047
c007_a422443260_r3514694477,0.3,"[0.0, 0.0, 0.0, 0.004670948369338568]",40.4293,0.5174208433888889,40.4293,1.6981206455167512,47.93543371332764,90.06285435884439,40.94672084338889,0.6931471805599453,47.93543371332764,89.57530173727648,0.48755262156791446
c007_a422443260_r422443260,0.305,"[0.0, 0.0, 0.0, 0.05346567687046455]",40.4293,0.5277021626666667,40.4293,1.7808274914068574,48.84223593306428,91.05236342447114,40.95700216266666,0.7184596480132863,48.84223593306428,90.51769774374422,0.534665680726917
c007_a422443260_r624506888,0.3,"[0.0, 0.0, 0.0, 0.010926682792559816]",40.4293,0.5216552999444446,40.4293,1.7318942384358658,48.04904529436689,90.21023953280275,40.95095529994444,0.6931471805599453,48.04904529436689,89.69314777487128,0.5170917579314676
c007_a598775175_r1004088181,0.243,"[0.0, 0.0, 0.0, 0.1672259965621674]",40.4293,0.3267031971111112,40.4293,0.599680075824446,51.14095505180136,92.1699351276258,40.756003197111106,0.4482215112208327,51.14095505180136,92.3451797601333,-0.1752446325074999
c007_a598775175_r3514694477,0.242,"[0.0, 0.0, 0.0, 0.14078742735532457]",40.4293,0.3212219079444445,40.4293,0.5797656496547152,50.58365585286169,91.59272150251641,40.750521907944446,0.44462066950155305,50.58365585286169,91.77879843030769,-0.1860769277912766
c007_a598775175_r598775175,0.256,"[0.0, 0.0, 0.0, 0.2059425390848817]",40.4293,0.36443136033333334,40.4293,0.7530328868670324,51.98215544098966,93.16448832785669,40.79373136033333,0.4971544503321099,51.98215544098966,93.27304125165509,-0.10855292379839909
c007_a598775175_r624506888,0.255,"[0.0, 0.0, 0.0, 0.1943193910125235]",40.4293,0.3498421333888889,40.4293,0.6902716317996213,51.72649347922366,92.84606511102328,40.77914213338889,0.49324894599745495,51.72649347922366,92.99888455861,-0.1528194475867224
