case_id,phase,tier,workload,category,J,bank_id,method,N,U,scenario_seed,confirmation_seeds,candidate_bank_seed,starts,iterations,search_budget,max_workers,weight_policy
c000,0,ENGINEERING_SMOKE,W1-train-qos3333,ORIGINAL_W1,4,90b1399a478d6d360967a2f20cf5e3df68f6edaf9d8345895962fc0fae700203,v3_only,1000,0.6,466917983,"[3741866483, 2030875217]",300000,4,4,1,4,fixed
c000,0,ENGINEERING_SMOKE,W1-train-qos3333,ORIGINAL_W1,4,90b1399a478d6d360967a2f20cf5e3df68f6edaf9d8345895962fc0fae700203,v3_fixed_probing,1000,0.6,466917983,"[3741866483, 2030875217]",300000,4,4,4,4,fixed
c000,0,ENGINEERING_SMOKE,W1-train-qos3333,ORIGINAL_W1,4,90b1399a478d6d360967a2f20cf5e3df68f6edaf9d8345895962fc0fae700203,simulator_only_adaptive,1000,0.6,466917983,"[3741866483, 2030875217]",300000,0,0,4,4,fixed
c000,0,ENGINEERING_SMOKE,W1-train-qos3333,ORIGINAL_W1,4,90b1399a478d6d360967a2f20cf5e3df68f6edaf9d8345895962fc0fae700203,argos_fixed_budget,1000,0.6,466917983,"[3741866483, 2030875217]",300000,4,4,4,4,fixed
c000,0,ENGINEERING_SMOKE,W1-train-qos3333,ORIGINAL_W1,4,90b1399a478d6d360967a2f20cf5e3df68f6edaf9d8345895962fc0fae700203,argos_early_stop,1000,0.6,466917983,"[3741866483, 2030875217]",300000,4,4,4,4,fixed
c001,1,SERIOUS_DEVELOPMENT,W1-train-qos3333,ORIGINAL_W1,4,2b9558554714b80c6820ff164d53f1b9612f258ad97c2ecea0fc0b5463ef728b,v3_only,1000,0.6,3105345885,"[2523613624, 1483264288]",300001,512,1500,1,4,fixed
c001,1,SERIOUS_DEVELOPMENT,W1-train-qos3333,ORIGINAL_W1,4,2b9558554714b80c6820ff164d53f1b9612f258ad97c2ecea0fc0b5463ef728b,v3_fixed_probing,1000,0.6,3105345885,"[2523613624, 1483264288]",300001,512,1500,32,4,fixed
c001,1,SERIOUS_DEVELOPMENT,W1-train-qos3333,ORIGINAL_W1,4,2b9558554714b80c6820ff164d53f1b9612f258ad97c2ecea0fc0b5463ef728b,simulator_only_adaptive,1000,0.6,3105345885,"[2523613624, 1483264288]",300001,0,0,32,4,fixed
c001,1,SERIOUS_DEVELOPMENT,W1-train-qos3333,ORIGINAL_W1,4,2b9558554714b80c6820ff164d53f1b9612f258ad97c2ecea0fc0b5463ef728b,argos_fixed_budget,1000,0.6,3105345885,"[2523613624, 1483264288]",300001,512,1500,32,4,fixed
c001,1,SERIOUS_DEVELOPMENT,W1-train-qos3333,ORIGINAL_W1,4,2b9558554714b80c6820ff164d53f1b9612f258ad97c2ecea0fc0b5463ef728b,argos_early_stop,1000,0.6,3105345885,"[2523613624, 1483264288]",300001,512,1500,32,4,fixed
c002,1,SERIOUS_DEVELOPMENT,W1-train-qos3333,ORIGINAL_W1,4,9edb9a92196d467c124194b015b1a3594f6beddde118c2d0d2d772e55e677f60,v3_only,1000,0.8,4222096843,"[2534618820, 1854566911]",300002,512,1500,1,4,fixed
c002,1,SERIOUS_DEVELOPMENT,W1-train-qos3333,ORIGINAL_W1,4,9edb9a92196d467c124194b015b1a3594f6beddde118c2d0d2d772e55e677f60,v3_fixed_probing,1000,0.8,4222096843,"[2534618820, 1854566911]",300002,512,1500,32,4,fixed
c002,1,SERIOUS_DEVELOPMENT,W1-train-qos3333,ORIGINAL_W1,4,9edb9a92196d467c124194b015b1a3594f6beddde118c2d0d2d772e55e677f60,simulator_only_adaptive,1000,0.8,4222096843,"[2534618820, 1854566911]",300002,0,0,32,4,fixed
c002,1,SERIOUS_DEVELOPMENT,W1-train-qos3333,ORIGINAL_W1,4,9edb9a92196d467c124194b015b1a3594f6beddde118c2d0d2d772e55e677f60,argos_fixed_budget,1000,0.8,4222096843,"[2534618820, 1854566911]",300002,512,1500,32,4,fixed
c002,1,SERIOUS_DEVELOPMENT,W1-train-qos3333,ORIGINAL_W1,4,9edb9a92196d467c124194b015b1a3594f6beddde118c2d0d2d772e55e677f60,argos_early_stop,1000,0.8,4222096843,"[2534618820, 1854566911]",300002,512,1500,32,4,fixed
c003,1,SERIOUS_DEVELOPMENT,W1-train-qos4444,ORIGINAL_W1,4,9d86e128d392f392a648154e0ab13132d8c7fed11f3432838f599361293bc932,v3_only,1000,0.6,2607831177,"[1761995179, 1837503171]",300003,512,1500,1,4,fixed
c003,1,SERIOUS_DEVELOPMENT,W1-train-qos4444,ORIGINAL_W1,4,9d86e128d392f392a648154e0ab13132d8c7fed11f3432838f599361293bc932,v3_fixed_probing,1000,0.6,2607831177,"[1761995179, 1837503171]",300003,512,1500,32,4,fixed
c003,1,SERIOUS_DEVELOPMENT,W1-train-qos4444,ORIGINAL_W1,4,9d86e128d392f392a648154e0ab13132d8c7fed11f3432838f599361293bc932,simulator_only_adaptive,1000,0.6,2607831177,"[1761995179, 1837503171]",300003,0,0,32,4,fixed
c003,1,SERIOUS_DEVELOPMENT,W1-train-qos4444,ORIGINAL_W1,4,9d86e128d392f392a648154e0ab13132d8c7fed11f3432838f599361293bc932,argos_fixed_budget,1000,0.6,2607831177,"[1761995179, 1837503171]",300003,512,1500,32,4,fixed
c003,1,SERIOUS_DEVELOPMENT,W1-train-qos4444,ORIGINAL_W1,4,9d86e128d392f392a648154e0ab13132d8c7fed11f3432838f599361293bc932,argos_early_stop,1000,0.6,2607831177,"[1761995179, 1837503171]",300003,512,1500,32,4,fixed
c004,1,SERIOUS_DEVELOPMENT,W1-train-qos4444,ORIGINAL_W1,4,b351ddd5620b20f241a66f03f6500e9d79deea68f494133c7382b3ac191ad0b5,v3_only,1000,0.8,1607627967,"[1164121249, 3893736741]",300004,512,1500,1,4,fixed
c004,1,SERIOUS_DEVELOPMENT,W1-train-qos4444,ORIGINAL_W1,4,b351ddd5620b20f241a66f03f6500e9d79deea68f494133c7382b3ac191ad0b5,v3_fixed_probing,1000,0.8,1607627967,"[1164121249, 3893736741]",300004,512,1500,32,4,fixed
c004,1,SERIOUS_DEVELOPMENT,W1-train-qos4444,ORIGINAL_W1,4,b351ddd5620b20f241a66f03f6500e9d79deea68f494133c7382b3ac191ad0b5,simulator_only_adaptive,1000,0.8,1607627967,"[1164121249, 3893736741]",300004,0,0,32,4,fixed
c004,1,SERIOUS_DEVELOPMENT,W1-train-qos4444,ORIGINAL_W1,4,b351ddd5620b20f241a66f03f6500e9d79deea68f494133c7382b3ac191ad0b5,argos_fixed_budget,1000,0.8,1607627967,"[1164121249, 3893736741]",300004,512,1500,32,4,fixed
c004,1,SERIOUS_DEVELOPMENT,W1-train-qos4444,ORIGINAL_W1,4,b351ddd5620b20f241a66f03f6500e9d79deea68f494133c7382b3ac191ad0b5,argos_early_stop,1000,0.8,1607627967,"[1164121249, 3893736741]",300004,512,1500,32,4,fixed
c005,1,SERIOUS_DEVELOPMENT,W2-short-qos5_4.5_4_3.5,ORIGINAL_W2,4,28fb1dbb87b66cb24a675f44d65513d539734cb7ea9063c49476d8f01f2dec9e,v3_only,1000,0.6,3335555103,"[1724203793, 2381187650]",300005,512,1500,1,4,fixed
c005,1,SERIOUS_DEVELOPMENT,W2-short-qos5_4.5_4_3.5,ORIGINAL_W2,4,28fb1dbb87b66cb24a675f44d65513d539734cb7ea9063c49476d8f01f2dec9e,v3_fixed_probing,1000,0.6,3335555103,"[1724203793, 2381187650]",300005,512,1500,32,4,fixed
c005,1,SERIOUS_DEVELOPMENT,W2-short-qos5_4.5_4_3.5,ORIGINAL_W2,4,28fb1dbb87b66cb24a675f44d65513d539734cb7ea9063c49476d8f01f2dec9e,simulator_only_adaptive,1000,0.6,3335555103,"[1724203793, 2381187650]",300005,0,0,32,4,fixed
c005,1,SERIOUS_DEVELOPMENT,W2-short-qos5_4.5_4_3.5,ORIGINAL_W2,4,28fb1dbb87b66cb24a675f44d65513d539734cb7ea9063c49476d8f01f2dec9e,argos_fixed_budget,1000,0.6,3335555103,"[1724203793, 2381187650]",300005,512,1500,32,4,fixed
c005,1,SERIOUS_DEVELOPMENT,W2-short-qos5_4.5_4_3.5,ORIGINAL_W2,4,28fb1dbb87b66cb24a675f44d65513d539734cb7ea9063c49476d8f01f2dec9e,argos_early_stop,1000,0.6,3335555103,"[1724203793, 2381187650]",300005,512,1500,32,4,fixed
c006,1,SERIOUS_DEVELOPMENT,W2-short-qos5_4.5_4_3.5,ORIGINAL_W2,4,03e1dc202a615c0a6538166f56dda9e16c20110e9f3086b92006665b70da8737,v3_only,1000,0.8,1719353801,"[15226742, 3057023020]",300006,512,1500,1,4,fixed
c006,1,SERIOUS_DEVELOPMENT,W2-short-qos5_4.5_4_3.5,ORIGINAL_W2,4,03e1dc202a615c0a6538166f56dda9e16c20110e9f3086b92006665b70da8737,v3_fixed_probing,1000,0.8,1719353801,"[15226742, 3057023020]",300006,512,1500,32,4,fixed
c006,1,SERIOUS_DEVELOPMENT,W2-short-qos5_4.5_4_3.5,ORIGINAL_W2,4,03e1dc202a615c0a6538166f56dda9e16c20110e9f3086b92006665b70da8737,simulator_only_adaptive,1000,0.8,1719353801,"[15226742, 3057023020]",300006,0,0,32,4,fixed
c006,1,SERIOUS_DEVELOPMENT,W2-short-qos5_4.5_4_3.5,ORIGINAL_W2,4,03e1dc202a615c0a6538166f56dda9e16c20110e9f3086b92006665b70da8737,argos_fixed_budget,1000,0.8,1719353801,"[15226742, 3057023020]",300006,512,1500,32,4,fixed
c006,1,SERIOUS_DEVELOPMENT,W2-short-qos5_4.5_4_3.5,ORIGINAL_W2,4,03e1dc202a615c0a6538166f56dda9e16c20110e9f3086b92006665b70da8737,argos_early_stop,1000,0.8,1719353801,"[15226742, 3057023020]",300006,512,1500,32,4,fixed
c007,1,SERIOUS_DEVELOPMENT,W2-short-qos5555,ORIGINAL_W2,4,e6a6d8d4a2811ea7ba1de9c49f82d61b07f1d2feb0d5db73f5fc59ef90d8def8,v3_only,1000,0.6,2166014542,"[286413294, 2621783785]",300007,512,1500,1,4,fixed
c007,1,SERIOUS_DEVELOPMENT,W2-short-qos5555,ORIGINAL_W2,4,e6a6d8d4a2811ea7ba1de9c49f82d61b07f1d2feb0d5db73f5fc59ef90d8def8,v3_fixed_probing,1000,0.6,2166014542,"[286413294, 2621783785]",300007,512,1500,32,4,fixed
c007,1,SERIOUS_DEVELOPMENT,W2-short-qos5555,ORIGINAL_W2,4,e6a6d8d4a2811ea7ba1de9c49f82d61b07f1d2feb0d5db73f5fc59ef90d8def8,simulator_only_adaptive,1000,0.6,2166014542,"[286413294, 2621783785]",300007,0,0,32,4,fixed
c007,1,SERIOUS_DEVELOPMENT,W2-short-qos5555,ORIGINAL_W2,4,e6a6d8d4a2811ea7ba1de9c49f82d61b07f1d2feb0d5db73f5fc59ef90d8def8,argos_fixed_budget,1000,0.6,2166014542,"[286413294, 2621783785]",300007,512,1500,32,4,fixed
c007,1,SERIOUS_DEVELOPMENT,W2-short-qos5555,ORIGINAL_W2,4,e6a6d8d4a2811ea7ba1de9c49f82d61b07f1d2feb0d5db73f5fc59ef90d8def8,argos_early_stop,1000,0.6,2166014542,"[286413294, 2621783785]",300007,512,1500,32,4,fixed
c008,1,SERIOUS_DEVELOPMENT,W2-short-qos5555,ORIGINAL_W2,4,6649b1b0b3fcb7375fee87d068965398e41f3191c8df004f624914c10f272a42,v3_only,1000,0.8,3629940106,"[2238113419, 367509909]",300008,512,1500,1,4,fixed
c008,1,SERIOUS_DEVELOPMENT,W2-short-qos5555,ORIGINAL_W2,4,6649b1b0b3fcb7375fee87d068965398e41f3191c8df004f624914c10f272a42,v3_fixed_probing,1000,0.8,3629940106,"[2238113419, 367509909]",300008,512,1500,32,4,fixed
c008,1,SERIOUS_DEVELOPMENT,W2-short-qos5555,ORIGINAL_W2,4,6649b1b0b3fcb7375fee87d068965398e41f3191c8df004f624914c10f272a42,simulator_only_adaptive,1000,0.8,3629940106,"[2238113419, 367509909]",300008,0,0,32,4,fixed
c008,1,SERIOUS_DEVELOPMENT,W2-short-qos5555,ORIGINAL_W2,4,6649b1b0b3fcb7375fee87d068965398e41f3191c8df004f624914c10f272a42,argos_fixed_budget,1000,0.8,3629940106,"[2238113419, 367509909]",300008,512,1500,32,4,fixed
c008,1,SERIOUS_DEVELOPMENT,W2-short-qos5555,ORIGINAL_W2,4,6649b1b0b3fcb7375fee87d068965398e41f3191c8df004f624914c10f272a42,argos_early_stop,1000,0.8,3629940106,"[2238113419, 367509909]",300008,512,1500,32,4,fixed
c009,2,SCREENING,MIX4-TTTI,CLEAN_J4_COMPOSITION,4,fccd50c8e50e2cc267d0bede9b96275ea357e1d32a47b56191d3b427052210e2,v3_only,1000,0.6,786185295,"[1877359141, 2108440999]",300009,128,500,1,4,fixed
c009,2,SCREENING,MIX4-TTTI,CLEAN_J4_COMPOSITION,4,fccd50c8e50e2cc267d0bede9b96275ea357e1d32a47b56191d3b427052210e2,v3_fixed_probing,1000,0.6,786185295,"[1877359141, 2108440999]",300009,128,500,16,4,fixed
c009,2,SCREENING,MIX4-TTTI,CLEAN_J4_COMPOSITION,4,fccd50c8e50e2cc267d0bede9b96275ea357e1d32a47b56191d3b427052210e2,simulator_only_adaptive,1000,0.6,786185295,"[1877359141, 2108440999]",300009,0,0,16,4,fixed
c009,2,SCREENING,MIX4-TTTI,CLEAN_J4_COMPOSITION,4,fccd50c8e50e2cc267d0bede9b96275ea357e1d32a47b56191d3b427052210e2,argos_fixed_budget,1000,0.6,786185295,"[1877359141, 2108440999]",300009,128,500,16,4,fixed
c009,2,SCREENING,MIX4-TTTI,CLEAN_J4_COMPOSITION,4,fccd50c8e50e2cc267d0bede9b96275ea357e1d32a47b56191d3b427052210e2,argos_early_stop,1000,0.6,786185295,"[1877359141, 2108440999]",300009,128,500,16,4,fixed
c010,2,SCREENING,MIX4-TTIT,CLEAN_J4_COMPOSITION,4,b28b0175bc07a14892d6d9faff75281e6407bb4e7452be7478d5f3a7452294e5,v3_only,1000,0.6,132059925,"[710399503, 1322971793]",300010,128,500,1,4,fixed
c010,2,SCREENING,MIX4-TTIT,CLEAN_J4_COMPOSITION,4,b28b0175bc07a14892d6d9faff75281e6407bb4e7452be7478d5f3a7452294e5,v3_fixed_probing,1000,0.6,132059925,"[710399503, 1322971793]",300010,128,500,16,4,fixed
c010,2,SCREENING,MIX4-TTIT,CLEAN_J4_COMPOSITION,4,b28b0175bc07a14892d6d9faff75281e6407bb4e7452be7478d5f3a7452294e5,simulator_only_adaptive,1000,0.6,132059925,"[710399503, 1322971793]",300010,0,0,16,4,fixed
c010,2,SCREENING,MIX4-TTIT,CLEAN_J4_COMPOSITION,4,b28b0175bc07a14892d6d9faff75281e6407bb4e7452be7478d5f3a7452294e5,argos_fixed_budget,1000,0.6,132059925,"[710399503, 1322971793]",300010,128,500,16,4,fixed
c010,2,SCREENING,MIX4-TTIT,CLEAN_J4_COMPOSITION,4,b28b0175bc07a14892d6d9faff75281e6407bb4e7452be7478d5f3a7452294e5,argos_early_stop,1000,0.6,132059925,"[710399503, 1322971793]",300010,128,500,16,4,fixed
c011,2,SCREENING,MIX4-TTII,CLEAN_J4_COMPOSITION,4,d78ccdf6341e5925082cf0859f9125408c5d17ec30c6656dd79a6905237a4a0c,v3_only,1000,0.6,2517480955,"[3220273805, 996699313]",300011,128,500,1,4,fixed
c011,2,SCREENING,MIX4-TTII,CLEAN_J4_COMPOSITION,4,d78ccdf6341e5925082cf0859f9125408c5d17ec30c6656dd79a6905237a4a0c,v3_fixed_probing,1000,0.6,2517480955,"[3220273805, 996699313]",300011,128,500,16,4,fixed
c011,2,SCREENING,MIX4-TTII,CLEAN_J4_COMPOSITION,4,d78ccdf6341e5925082cf0859f9125408c5d17ec30c6656dd79a6905237a4a0c,simulator_only_adaptive,1000,0.6,2517480955,"[3220273805, 996699313]",300011,0,0,16,4,fixed
c011,2,SCREENING,MIX4-TTII,CLEAN_J4_COMPOSITION,4,d78ccdf6341e5925082cf0859f9125408c5d17ec30c6656dd79a6905237a4a0c,argos_fixed_budget,1000,0.6,2517480955,"[3220273805, 996699313]",300011,128,500,16,4,fixed
c011,2,SCREENING,MIX4-TTII,CLEAN_J4_COMPOSITION,4,d78ccdf6341e5925082cf0859f9125408c5d17ec30c6656dd79a6905237a4a0c,argos_early_stop,1000,0.6,2517480955,"[3220273805, 996699313]",300011,128,500,16,4,fixed
c012,2,SCREENING,MIX4-TITT,CLEAN_J4_COMPOSITION,4,a4aae88948d647f6e2b39256dda304ab9fd1445eed5bdcf78000b413f108bfb5,v3_only,1000,0.6,2591920543,"[3281640404, 961381231]",300012,128,500,1,4,fixed
c012,2,SCREENING,MIX4-TITT,CLEAN_J4_COMPOSITION,4,a4aae88948d647f6e2b39256dda304ab9fd1445eed5bdcf78000b413f108bfb5,v3_fixed_probing,1000,0.6,2591920543,"[3281640404, 961381231]",300012,128,500,16,4,fixed
c012,2,SCREENING,MIX4-TITT,CLEAN_J4_COMPOSITION,4,a4aae88948d647f6e2b39256dda304ab9fd1445eed5bdcf78000b413f108bfb5,simulator_only_adaptive,1000,0.6,2591920543,"[3281640404, 961381231]",300012,0,0,16,4,fixed
c012,2,SCREENING,MIX4-TITT,CLEAN_J4_COMPOSITION,4,a4aae88948d647f6e2b39256dda304ab9fd1445eed5bdcf78000b413f108bfb5,argos_fixed_budget,1000,0.6,2591920543,"[3281640404, 961381231]",300012,128,500,16,4,fixed
c012,2,SCREENING,MIX4-TITT,CLEAN_J4_COMPOSITION,4,a4aae88948d647f6e2b39256dda304ab9fd1445eed5bdcf78000b413f108bfb5,argos_early_stop,1000,0.6,2591920543,"[3281640404, 961381231]",300012,128,500,16,4,fixed
c013,2,SCREENING,MIX4-TITI,CLEAN_J4_COMPOSITION,4,ff50ea7e49e0ad8de28a301009fe5b12a2c4fdf3a17059645f34a18ee0f0da0b,v3_only,1000,0.6,3546795728,"[4100188289, 3804305859]",300013,128,500,1,4,fixed
c013,2,SCREENING,MIX4-TITI,CLEAN_J4_COMPOSITION,4,ff50ea7e49e0ad8de28a301009fe5b12a2c4fdf3a17059645f34a18ee0f0da0b,v3_fixed_probing,1000,0.6,3546795728,"[4100188289, 3804305859]",300013,128,500,16,4,fixed
c013,2,SCREENING,MIX4-TITI,CLEAN_J4_COMPOSITION,4,ff50ea7e49e0ad8de28a301009fe5b12a2c4fdf3a17059645f34a18ee0f0da0b,simulator_only_adaptive,1000,0.6,3546795728,"[4100188289, 3804305859]",300013,0,0,16,4,fixed
c013,2,SCREENING,MIX4-TITI,CLEAN_J4_COMPOSITION,4,ff50ea7e49e0ad8de28a301009fe5b12a2c4fdf3a17059645f34a18ee0f0da0b,argos_fixed_budget,1000,0.6,3546795728,"[4100188289, 3804305859]",300013,128,500,16,4,fixed
c013,2,SCREENING,MIX4-TITI,CLEAN_J4_COMPOSITION,4,ff50ea7e49e0ad8de28a301009fe5b12a2c4fdf3a17059645f34a18ee0f0da0b,argos_early_stop,1000,0.6,3546795728,"[4100188289, 3804305859]",300013,128,500,16,4,fixed
c014,2,SCREENING,MIX4-TIIT,CLEAN_J4_COMPOSITION,4,1427d3ef0109042837f3944456b8e452f67256ba0ceb61d6ff14608abfbca79e,v3_only,1000,0.6,2267187024,"[1819127895, 1348106590]",300014,128,500,1,4,fixed
c014,2,SCREENING,MIX4-TIIT,CLEAN_J4_COMPOSITION,4,1427d3ef0109042837f3944456b8e452f67256ba0ceb61d6ff14608abfbca79e,v3_fixed_probing,1000,0.6,2267187024,"[1819127895, 1348106590]",300014,128,500,16,4,fixed
c014,2,SCREENING,MIX4-TIIT,CLEAN_J4_COMPOSITION,4,1427d3ef0109042837f3944456b8e452f67256ba0ceb61d6ff14608abfbca79e,simulator_only_adaptive,1000,0.6,2267187024,"[1819127895, 1348106590]",300014,0,0,16,4,fixed
c014,2,SCREENING,MIX4-TIIT,CLEAN_J4_COMPOSITION,4,1427d3ef0109042837f3944456b8e452f67256ba0ceb61d6ff14608abfbca79e,argos_fixed_budget,1000,0.6,2267187024,"[1819127895, 1348106590]",300014,128,500,16,4,fixed
c014,2,SCREENING,MIX4-TIIT,CLEAN_J4_COMPOSITION,4,1427d3ef0109042837f3944456b8e452f67256ba0ceb61d6ff14608abfbca79e,argos_early_stop,1000,0.6,2267187024,"[1819127895, 1348106590]",300014,128,500,16,4,fixed
c015,2,SCREENING,MIX4-TIII,CLEAN_J4_COMPOSITION,4,ddcc6b717de158665823523cf3c59ef87d5c4983f0c15586f953ea87fb8ff931,v3_only,1000,0.6,2625299905,"[659115503, 2993169749]",300015,128,500,1,4,fixed
c015,2,SCREENING,MIX4-TIII,CLEAN_J4_COMPOSITION,4,ddcc6b717de158665823523cf3c59ef87d5c4983f0c15586f953ea87fb8ff931,v3_fixed_probing,1000,0.6,2625299905,"[659115503, 2993169749]",300015,128,500,16,4,fixed
c015,2,SCREENING,MIX4-TIII,CLEAN_J4_COMPOSITION,4,ddcc6b717de158665823523cf3c59ef87d5c4983f0c15586f953ea87fb8ff931,simulator_only_adaptive,1000,0.6,2625299905,"[659115503, 2993169749]",300015,0,0,16,4,fixed
c015,2,SCREENING,MIX4-TIII,CLEAN_J4_COMPOSITION,4,ddcc6b717de158665823523cf3c59ef87d5c4983f0c15586f953ea87fb8ff931,argos_fixed_budget,1000,0.6,2625299905,"[659115503, 2993169749]",300015,128,500,16,4,fixed
c015,2,SCREENING,MIX4-TIII,CLEAN_J4_COMPOSITION,4,ddcc6b717de158665823523cf3c59ef87d5c4983f0c15586f953ea87fb8ff931,argos_early_stop,1000,0.6,2625299905,"[659115503, 2993169749]",300015,128,500,16,4,fixed
c016,2,SCREENING,MIX4-ITTT,CLEAN_J4_COMPOSITION,4,230dab111ff0d6c1292aa89000e4e5a49775e972768959534845e4dc7c49d35b,v3_only,1000,0.6,1804256773,"[1818842284, 4124344369]",300016,128,500,1,4,fixed
c016,2,SCREENING,MIX4-ITTT,CLEAN_J4_COMPOSITION,4,230dab111ff0d6c1292aa89000e4e5a49775e972768959534845e4dc7c49d35b,v3_fixed_probing,1000,0.6,1804256773,"[1818842284, 4124344369]",300016,128,500,16,4,fixed
c016,2,SCREENING,MIX4-ITTT,CLEAN_J4_COMPOSITION,4,230dab111ff0d6c1292aa89000e4e5a49775e972768959534845e4dc7c49d35b,simulator_only_adaptive,1000,0.6,1804256773,"[1818842284, 4124344369]",300016,0,0,16,4,fixed
c016,2,SCREENING,MIX4-ITTT,CLEAN_J4_COMPOSITION,4,230dab111ff0d6c1292aa89000e4e5a49775e972768959534845e4dc7c49d35b,argos_fixed_budget,1000,0.6,1804256773,"[1818842284, 4124344369]",300016,128,500,16,4,fixed
c016,2,SCREENING,MIX4-ITTT,CLEAN_J4_COMPOSITION,4,230dab111ff0d6c1292aa89000e4e5a49775e972768959534845e4dc7c49d35b,argos_early_stop,1000,0.6,1804256773,"[1818842284, 4124344369]",300016,128,500,16,4,fixed
c017,2,SCREENING,MIX4-ITTI,CLEAN_J4_COMPOSITION,4,432646c867020e219e94f28697ca8ac728f0baa51c8511c7e060269153c28391,v3_only,1000,0.6,2265255278,"[1887449036, 776261383]",300017,128,500,1,4,fixed
c017,2,SCREENING,MIX4-ITTI,CLEAN_J4_COMPOSITION,4,432646c867020e219e94f28697ca8ac728f0baa51c8511c7e060269153c28391,v3_fixed_probing,1000,0.6,2265255278,"[1887449036, 776261383]",300017,128,500,16,4,fixed
c017,2,SCREENING,MIX4-ITTI,CLEAN_J4_COMPOSITION,4,432646c867020e219e94f28697ca8ac728f0baa51c8511c7e060269153c28391,simulator_only_adaptive,1000,0.6,2265255278,"[1887449036, 776261383]",300017,0,0,16,4,fixed
c017,2,SCREENING,MIX4-ITTI,CLEAN_J4_COMPOSITION,4,432646c867020e219e94f28697ca8ac728f0baa51c8511c7e060269153c28391,argos_fixed_budget,1000,0.6,2265255278,"[1887449036, 776261383]",300017,128,500,16,4,fixed
c017,2,SCREENING,MIX4-ITTI,CLEAN_J4_COMPOSITION,4,432646c867020e219e94f28697ca8ac728f0baa51c8511c7e060269153c28391,argos_early_stop,1000,0.6,2265255278,"[1887449036, 776261383]",300017,128,500,16,4,fixed
c018,2,SCREENING,MIX4-ITIT,CLEAN_J4_COMPOSITION,4,183904f2ac2172f64f7f18a2fbb9b1bc6b9baa6fb71f9a2688a0f52a24bfb6f0,v3_only,1000,0.6,1063395583,"[2640374730, 3668301011]",300018,128,500,1,4,fixed
c018,2,SCREENING,MIX4-ITIT,CLEAN_J4_COMPOSITION,4,183904f2ac2172f64f7f18a2fbb9b1bc6b9baa6fb71f9a2688a0f52a24bfb6f0,v3_fixed_probing,1000,0.6,1063395583,"[2640374730, 3668301011]",300018,128,500,16,4,fixed
c018,2,SCREENING,MIX4-ITIT,CLEAN_J4_COMPOSITION,4,183904f2ac2172f64f7f18a2fbb9b1bc6b9baa6fb71f9a2688a0f52a24bfb6f0,simulator_only_adaptive,1000,0.6,1063395583,"[2640374730, 3668301011]",300018,0,0,16,4,fixed
c018,2,SCREENING,MIX4-ITIT,CLEAN_J4_COMPOSITION,4,183904f2ac2172f64f7f18a2fbb9b1bc6b9baa6fb71f9a2688a0f52a24bfb6f0,argos_fixed_budget,1000,0.6,1063395583,"[2640374730, 3668301011]",300018,128,500,16,4,fixed
c018,2,SCREENING,MIX4-ITIT,CLEAN_J4_COMPOSITION,4,183904f2ac2172f64f7f18a2fbb9b1bc6b9baa6fb71f9a2688a0f52a24bfb6f0,argos_early_stop,1000,0.6,1063395583,"[2640374730, 3668301011]",300018,128,500,16,4,fixed
c019,2,SCREENING,MIX4-ITII,CLEAN_J4_COMPOSITION,4,a4e84c580719028738eee4bbd9a51213bb61bf20376f8918aca380cae51db846,v3_only,1000,0.6,3544121876,"[2721837221, 318939202]",300019,128,500,1,4,fixed
c019,2,SCREENING,MIX4-ITII,CLEAN_J4_COMPOSITION,4,a4e84c580719028738eee4bbd9a51213bb61bf20376f8918aca380cae51db846,v3_fixed_probing,1000,0.6,3544121876,"[2721837221, 318939202]",300019,128,500,16,4,fixed
c019,2,SCREENING,MIX4-ITII,CLEAN_J4_COMPOSITION,4,a4e84c580719028738eee4bbd9a51213bb61bf20376f8918aca380cae51db846,simulator_only_adaptive,1000,0.6,3544121876,"[2721837221, 318939202]",300019,0,0,16,4,fixed
c019,2,SCREENING,MIX4-ITII,CLEAN_J4_COMPOSITION,4,a4e84c580719028738eee4bbd9a51213bb61bf20376f8918aca380cae51db846,argos_fixed_budget,1000,0.6,3544121876,"[2721837221, 318939202]",300019,128,500,16,4,fixed
c019,2,SCREENING,MIX4-ITII,CLEAN_J4_COMPOSITION,4,a4e84c580719028738eee4bbd9a51213bb61bf20376f8918aca380cae51db846,argos_early_stop,1000,0.6,3544121876,"[2721837221, 318939202]",300019,128,500,16,4,fixed
c020,2,SCREENING,MIX4-IITT,CLEAN_J4_COMPOSITION,4,39806ea2cf0ff6ce1628dccd7055ad4390515d5639efdcaf6ae97dd3eeff32d3,v3_only,1000,0.6,4133819883,"[2433585585, 611229826]",300020,128,500,1,4,fixed
c020,2,SCREENING,MIX4-IITT,CLEAN_J4_COMPOSITION,4,39806ea2cf0ff6ce1628dccd7055ad4390515d5639efdcaf6ae97dd3eeff32d3,v3_fixed_probing,1000,0.6,4133819883,"[2433585585, 611229826]",300020,128,500,16,4,fixed
c020,2,SCREENING,MIX4-IITT,CLEAN_J4_COMPOSITION,4,39806ea2cf0ff6ce1628dccd7055ad4390515d5639efdcaf6ae97dd3eeff32d3,simulator_only_adaptive,1000,0.6,4133819883,"[2433585585, 611229826]",300020,0,0,16,4,fixed
c020,2,SCREENING,MIX4-IITT,CLEAN_J4_COMPOSITION,4,39806ea2cf0ff6ce1628dccd7055ad4390515d5639efdcaf6ae97dd3eeff32d3,argos_fixed_budget,1000,0.6,4133819883,"[2433585585, 611229826]",300020,128,500,16,4,fixed
c020,2,SCREENING,MIX4-IITT,CLEAN_J4_COMPOSITION,4,39806ea2cf0ff6ce1628dccd7055ad4390515d5639efdcaf6ae97dd3eeff32d3,argos_early_stop,1000,0.6,4133819883,"[2433585585, 611229826]",300020,128,500,16,4,fixed
c021,2,SCREENING,MIX4-IITI,CLEAN_J4_COMPOSITION,4,49e1f58a06c24cba99e7b58a6c656be94d11139d8617d9d1ac269a1e2d82575e,v3_only,1000,0.6,782174427,"[1907036603, 2682003078]",300021,128,500,1,4,fixed
c021,2,SCREENING,MIX4-IITI,CLEAN_J4_COMPOSITION,4,49e1f58a06c24cba99e7b58a6c656be94d11139d8617d9d1ac269a1e2d82575e,v3_fixed_probing,1000,0.6,782174427,"[1907036603, 2682003078]",300021,128,500,16,4,fixed
c021,2,SCREENING,MIX4-IITI,CLEAN_J4_COMPOSITION,4,49e1f58a06c24cba99e7b58a6c656be94d11139d8617d9d1ac269a1e2d82575e,simulator_only_adaptive,1000,0.6,782174427,"[1907036603, 2682003078]",300021,0,0,16,4,fixed
c021,2,SCREENING,MIX4-IITI,CLEAN_J4_COMPOSITION,4,49e1f58a06c24cba99e7b58a6c656be94d11139d8617d9d1ac269a1e2d82575e,argos_fixed_budget,1000,0.6,782174427,"[1907036603, 2682003078]",300021,128,500,16,4,fixed
c021,2,SCREENING,MIX4-IITI,CLEAN_J4_COMPOSITION,4,49e1f58a06c24cba99e7b58a6c656be94d11139d8617d9d1ac269a1e2d82575e,argos_early_stop,1000,0.6,782174427,"[1907036603, 2682003078]",300021,128,500,16,4,fixed
c022,2,SCREENING,MIX4-IIIT,CLEAN_J4_COMPOSITION,4,df672ed1c7be2541cdab1df744f16ee80166be52476230a56bf795d639612c0a,v3_only,1000,0.6,3640555740,"[2832966968, 956721194]",300022,128,500,1,4,fixed
c022,2,SCREENING,MIX4-IIIT,CLEAN_J4_COMPOSITION,4,df672ed1c7be2541cdab1df744f16ee80166be52476230a56bf795d639612c0a,v3_fixed_probing,1000,0.6,3640555740,"[2832966968, 956721194]",300022,128,500,16,4,fixed
c022,2,SCREENING,MIX4-IIIT,CLEAN_J4_COMPOSITION,4,df672ed1c7be2541cdab1df744f16ee80166be52476230a56bf795d639612c0a,simulator_only_adaptive,1000,0.6,3640555740,"[2832966968, 956721194]",300022,0,0,16,4,fixed
c022,2,SCREENING,MIX4-IIIT,CLEAN_J4_COMPOSITION,4,df672ed1c7be2541cdab1df744f16ee80166be52476230a56bf795d639612c0a,argos_fixed_budget,1000,0.6,3640555740,"[2832966968, 956721194]",300022,128,500,16,4,fixed
c022,2,SCREENING,MIX4-IIIT,CLEAN_J4_COMPOSITION,4,df672ed1c7be2541cdab1df744f16ee80166be52476230a56bf795d639612c0a,argos_early_stop,1000,0.6,3640555740,"[2832966968, 956721194]",300022,128,500,16,4,fixed
c023,2,SERIOUS_DEVELOPMENT,MIX4-TTII,CLEAN_J4_COMPOSITION,4,06d7afaf10b7aa06be8075043e0d8926bc6c2fbb8d98d306e1959235f8ae4a39,v3_only,1000,0.6,828992599,"[3502355840, 1047967522]",300023,512,1500,1,4,fixed
c023,2,SERIOUS_DEVELOPMENT,MIX4-TTII,CLEAN_J4_COMPOSITION,4,06d7afaf10b7aa06be8075043e0d8926bc6c2fbb8d98d306e1959235f8ae4a39,v3_fixed_probing,1000,0.6,828992599,"[3502355840, 1047967522]",300023,512,1500,32,4,fixed
c023,2,SERIOUS_DEVELOPMENT,MIX4-TTII,CLEAN_J4_COMPOSITION,4,06d7afaf10b7aa06be8075043e0d8926bc6c2fbb8d98d306e1959235f8ae4a39,simulator_only_adaptive,1000,0.6,828992599,"[3502355840, 1047967522]",300023,0,0,32,4,fixed
c023,2,SERIOUS_DEVELOPMENT,MIX4-TTII,CLEAN_J4_COMPOSITION,4,06d7afaf10b7aa06be8075043e0d8926bc6c2fbb8d98d306e1959235f8ae4a39,argos_fixed_budget,1000,0.6,828992599,"[3502355840, 1047967522]",300023,512,1500,32,4,fixed
c023,2,SERIOUS_DEVELOPMENT,MIX4-TTII,CLEAN_J4_COMPOSITION,4,06d7afaf10b7aa06be8075043e0d8926bc6c2fbb8d98d306e1959235f8ae4a39,argos_early_stop,1000,0.6,828992599,"[3502355840, 1047967522]",300023,512,1500,32,4,fixed
c024,2,SERIOUS_DEVELOPMENT,MIX4-IITT,CLEAN_J4_COMPOSITION,4,e80545d679454cec72a6027d1ad34acddc871eb0a1a1822643255f7e5ae7293b,v3_only,1000,0.6,876825085,"[209569764, 1783313216]",300024,512,1500,1,4,fixed
c024,2,SERIOUS_DEVELOPMENT,MIX4-IITT,CLEAN_J4_COMPOSITION,4,e80545d679454cec72a6027d1ad34acddc871eb0a1a1822643255f7e5ae7293b,v3_fixed_probing,1000,0.6,876825085,"[209569764, 1783313216]",300024,512,1500,32,4,fixed
c024,2,SERIOUS_DEVELOPMENT,MIX4-IITT,CLEAN_J4_COMPOSITION,4,e80545d679454cec72a6027d1ad34acddc871eb0a1a1822643255f7e5ae7293b,simulator_only_adaptive,1000,0.6,876825085,"[209569764, 1783313216]",300024,0,0,32,4,fixed
c024,2,SERIOUS_DEVELOPMENT,MIX4-IITT,CLEAN_J4_COMPOSITION,4,e80545d679454cec72a6027d1ad34acddc871eb0a1a1822643255f7e5ae7293b,argos_fixed_budget,1000,0.6,876825085,"[209569764, 1783313216]",300024,512,1500,32,4,fixed
c024,2,SERIOUS_DEVELOPMENT,MIX4-IITT,CLEAN_J4_COMPOSITION,4,e80545d679454cec72a6027d1ad34acddc871eb0a1a1822643255f7e5ae7293b,argos_early_stop,1000,0.6,876825085,"[209569764, 1783313216]",300024,512,1500,32,4,fixed
c025,2,SERIOUS_DEVELOPMENT,MIX4-ITTT,CLEAN_J4_COMPOSITION,4,fdbfff3d07c622ce00c24300e49595b05fd8decaf3d5c2b66dbe11133b78b471,v3_only,1000,0.6,632011217,"[1613741463, 802816372]",300025,512,1500,1,4,fixed
c025,2,SERIOUS_DEVELOPMENT,MIX4-ITTT,CLEAN_J4_COMPOSITION,4,fdbfff3d07c622ce00c24300e49595b05fd8decaf3d5c2b66dbe11133b78b471,v3_fixed_probing,1000,0.6,632011217,"[1613741463, 802816372]",300025,512,1500,32,4,fixed
c025,2,SERIOUS_DEVELOPMENT,MIX4-ITTT,CLEAN_J4_COMPOSITION,4,fdbfff3d07c622ce00c24300e49595b05fd8decaf3d5c2b66dbe11133b78b471,simulator_only_adaptive,1000,0.6,632011217,"[1613741463, 802816372]",300025,0,0,32,4,fixed
c025,2,SERIOUS_DEVELOPMENT,MIX4-ITTT,CLEAN_J4_COMPOSITION,4,fdbfff3d07c622ce00c24300e49595b05fd8decaf3d5c2b66dbe11133b78b471,argos_fixed_budget,1000,0.6,632011217,"[1613741463, 802816372]",300025,512,1500,32,4,fixed
c025,2,SERIOUS_DEVELOPMENT,MIX4-ITTT,CLEAN_J4_COMPOSITION,4,fdbfff3d07c622ce00c24300e49595b05fd8decaf3d5c2b66dbe11133b78b471,argos_early_stop,1000,0.6,632011217,"[1613741463, 802816372]",300025,512,1500,32,4,fixed
c026,2,SERIOUS_DEVELOPMENT,MIX4-TTTI,CLEAN_J4_COMPOSITION,4,e23b55b287c65e0590129e066c8db94af3f3f48f1074a3b1467441373a0d7cad,v3_only,1000,0.6,2148775524,"[4182217137, 3412170685]",300026,512,1500,1,4,fixed
c026,2,SERIOUS_DEVELOPMENT,MIX4-TTTI,CLEAN_J4_COMPOSITION,4,e23b55b287c65e0590129e066c8db94af3f3f48f1074a3b1467441373a0d7cad,v3_fixed_probing,1000,0.6,2148775524,"[4182217137, 3412170685]",300026,512,1500,32,4,fixed
c026,2,SERIOUS_DEVELOPMENT,MIX4-TTTI,CLEAN_J4_COMPOSITION,4,e23b55b287c65e0590129e066c8db94af3f3f48f1074a3b1467441373a0d7cad,simulator_only_adaptive,1000,0.6,2148775524,"[4182217137, 3412170685]",300026,0,0,32,4,fixed
c026,2,SERIOUS_DEVELOPMENT,MIX4-TTTI,CLEAN_J4_COMPOSITION,4,e23b55b287c65e0590129e066c8db94af3f3f48f1074a3b1467441373a0d7cad,argos_fixed_budget,1000,0.6,2148775524,"[4182217137, 3412170685]",300026,512,1500,32,4,fixed
c026,2,SERIOUS_DEVELOPMENT,MIX4-TTTI,CLEAN_J4_COMPOSITION,4,e23b55b287c65e0590129e066c8db94af3f3f48f1074a3b1467441373a0d7cad,argos_early_stop,1000,0.6,2148775524,"[4182217137, 3412170685]",300026,512,1500,32,4,fixed
c027,2,SERIOUS_DEVELOPMENT,MIX4-TIII,CLEAN_J4_COMPOSITION,4,92218fa5f7e2978d7de1cafb26a5b4fc8ea50bb3ef27c7a37fbef7f3cc57c748,v3_only,1000,0.6,501971040,"[2654827094, 470119245]",300027,512,1500,1,4,fixed
c027,2,SERIOUS_DEVELOPMENT,MIX4-TIII,CLEAN_J4_COMPOSITION,4,92218fa5f7e2978d7de1cafb26a5b4fc8ea50bb3ef27c7a37fbef7f3cc57c748,v3_fixed_probing,1000,0.6,501971040,"[2654827094, 470119245]",300027,512,1500,32,4,fixed
c027,2,SERIOUS_DEVELOPMENT,MIX4-TIII,CLEAN_J4_COMPOSITION,4,92218fa5f7e2978d7de1cafb26a5b4fc8ea50bb3ef27c7a37fbef7f3cc57c748,simulator_only_adaptive,1000,0.6,501971040,"[2654827094, 470119245]",300027,0,0,32,4,fixed
c027,2,SERIOUS_DEVELOPMENT,MIX4-TIII,CLEAN_J4_COMPOSITION,4,92218fa5f7e2978d7de1cafb26a5b4fc8ea50bb3ef27c7a37fbef7f3cc57c748,argos_fixed_budget,1000,0.6,501971040,"[2654827094, 470119245]",300027,512,1500,32,4,fixed
c027,2,SERIOUS_DEVELOPMENT,MIX4-TIII,CLEAN_J4_COMPOSITION,4,92218fa5f7e2978d7de1cafb26a5b4fc8ea50bb3ef27c7a37fbef7f3cc57c748,argos_early_stop,1000,0.6,501971040,"[2654827094, 470119245]",300027,512,1500,32,4,fixed
c028,2,SERIOUS_DEVELOPMENT,MIX4-IIIT,CLEAN_J4_COMPOSITION,4,dd4c3b75045d0c019dba348c563edc56e4ae4a67e336bf9ed635d9b91513a816,v3_only,1000,0.6,4155817787,"[3365121831, 705110846]",300028,512,1500,1,4,fixed
c028,2,SERIOUS_DEVELOPMENT,MIX4-IIIT,CLEAN_J4_COMPOSITION,4,dd4c3b75045d0c019dba348c563edc56e4ae4a67e336bf9ed635d9b91513a816,v3_fixed_probing,1000,0.6,4155817787,"[3365121831, 705110846]",300028,512,1500,32,4,fixed
c028,2,SERIOUS_DEVELOPMENT,MIX4-IIIT,CLEAN_J4_COMPOSITION,4,dd4c3b75045d0c019dba348c563edc56e4ae4a67e336bf9ed635d9b91513a816,simulator_only_adaptive,1000,0.6,4155817787,"[3365121831, 705110846]",300028,0,0,32,4,fixed
c028,2,SERIOUS_DEVELOPMENT,MIX4-IIIT,CLEAN_J4_COMPOSITION,4,dd4c3b75045d0c019dba348c563edc56e4ae4a67e336bf9ed635d9b91513a816,argos_fixed_budget,1000,0.6,4155817787,"[3365121831, 705110846]",300028,512,1500,32,4,fixed
c028,2,SERIOUS_DEVELOPMENT,MIX4-IIIT,CLEAN_J4_COMPOSITION,4,dd4c3b75045d0c019dba348c563edc56e4ae4a67e336bf9ed635d9b91513a816,argos_early_stop,1000,0.6,4155817787,"[3365121831, 705110846]",300028,512,1500,32,4,fixed
c029,3,SERIOUS_DEVELOPMENT,V4-H4-RG,HISTORICAL_V4_COMPOSITION_PLUS_QOS_STRESS,4,2fc7bf609b513b14ff2c117d9aec7a077b2bab824910d34d45985a5725d8dab7,v3_only,1000,0.6,2369569373,"[2615429312, 754216502]",300029,512,1500,1,4,fixed
c029,3,SERIOUS_DEVELOPMENT,V4-H4-RG,HISTORICAL_V4_COMPOSITION_PLUS_QOS_STRESS,4,2fc7bf609b513b14ff2c117d9aec7a077b2bab824910d34d45985a5725d8dab7,v3_fixed_probing,1000,0.6,2369569373,"[2615429312, 754216502]",300029,512,1500,32,4,fixed
c029,3,SERIOUS_DEVELOPMENT,V4-H4-RG,HISTORICAL_V4_COMPOSITION_PLUS_QOS_STRESS,4,2fc7bf609b513b14ff2c117d9aec7a077b2bab824910d34d45985a5725d8dab7,simulator_only_adaptive,1000,0.6,2369569373,"[2615429312, 754216502]",300029,0,0,32,4,fixed
c029,3,SERIOUS_DEVELOPMENT,V4-H4-RG,HISTORICAL_V4_COMPOSITION_PLUS_QOS_STRESS,4,2fc7bf609b513b14ff2c117d9aec7a077b2bab824910d34d45985a5725d8dab7,argos_fixed_budget,1000,0.6,2369569373,"[2615429312, 754216502]",300029,512,1500,32,4,fixed
c029,3,SERIOUS_DEVELOPMENT,V4-H4-RG,HISTORICAL_V4_COMPOSITION_PLUS_QOS_STRESS,4,2fc7bf609b513b14ff2c117d9aec7a077b2bab824910d34d45985a5725d8dab7,argos_early_stop,1000,0.6,2369569373,"[2615429312, 754216502]",300029,512,1500,32,4,fixed
c030,3,SERIOUS_DEVELOPMENT,V4-H4-GL,HISTORICAL_V4_COMPOSITION_PLUS_QOS_STRESS,4,aa7e741633da97bb1e567e028802749b16355504f8694ef2f912b616923bc6ad,v3_only,1000,0.6,3799379094,"[3789720046, 3033344706]",300030,512,1500,1,4,fixed
c030,3,SERIOUS_DEVELOPMENT,V4-H4-GL,HISTORICAL_V4_COMPOSITION_PLUS_QOS_STRESS,4,aa7e741633da97bb1e567e028802749b16355504f8694ef2f912b616923bc6ad,v3_fixed_probing,1000,0.6,3799379094,"[3789720046, 3033344706]",300030,512,1500,32,4,fixed
c030,3,SERIOUS_DEVELOPMENT,V4-H4-GL,HISTORICAL_V4_COMPOSITION_PLUS_QOS_STRESS,4,aa7e741633da97bb1e567e028802749b16355504f8694ef2f912b616923bc6ad,simulator_only_adaptive,1000,0.6,3799379094,"[3789720046, 3033344706]",300030,0,0,32,4,fixed
c030,3,SERIOUS_DEVELOPMENT,V4-H4-GL,HISTORICAL_V4_COMPOSITION_PLUS_QOS_STRESS,4,aa7e741633da97bb1e567e028802749b16355504f8694ef2f912b616923bc6ad,argos_fixed_budget,1000,0.6,3799379094,"[3789720046, 3033344706]",300030,512,1500,32,4,fixed
c030,3,SERIOUS_DEVELOPMENT,V4-H4-GL,HISTORICAL_V4_COMPOSITION_PLUS_QOS_STRESS,4,aa7e741633da97bb1e567e028802749b16355504f8694ef2f912b616923bc6ad,argos_early_stop,1000,0.6,3799379094,"[3789720046, 3033344706]",300030,512,1500,32,4,fixed
c031,3,SERIOUS_DEVELOPMENT,V4-H4-LB,HISTORICAL_V4_COMPOSITION_PLUS_QOS_STRESS,4,a09cfaaad695d429f111fce65fd57b605455201b0cc6f781da1216c27a551101,v3_only,1000,0.6,4142292982,"[3451658857, 1147558023]",300031,512,1500,1,4,fixed
c031,3,SERIOUS_DEVELOPMENT,V4-H4-LB,HISTORICAL_V4_COMPOSITION_PLUS_QOS_STRESS,4,a09cfaaad695d429f111fce65fd57b605455201b0cc6f781da1216c27a551101,v3_fixed_probing,1000,0.6,4142292982,"[3451658857, 1147558023]",300031,512,1500,32,4,fixed
c031,3,SERIOUS_DEVELOPMENT,V4-H4-LB,HISTORICAL_V4_COMPOSITION_PLUS_QOS_STRESS,4,a09cfaaad695d429f111fce65fd57b605455201b0cc6f781da1216c27a551101,simulator_only_adaptive,1000,0.6,4142292982,"[3451658857, 1147558023]",300031,0,0,32,4,fixed
c031,3,SERIOUS_DEVELOPMENT,V4-H4-LB,HISTORICAL_V4_COMPOSITION_PLUS_QOS_STRESS,4,a09cfaaad695d429f111fce65fd57b605455201b0cc6f781da1216c27a551101,argos_fixed_budget,1000,0.6,4142292982,"[3451658857, 1147558023]",300031,512,1500,32,4,fixed
c031,3,SERIOUS_DEVELOPMENT,V4-H4-LB,HISTORICAL_V4_COMPOSITION_PLUS_QOS_STRESS,4,a09cfaaad695d429f111fce65fd57b605455201b0cc6f781da1216c27a551101,argos_early_stop,1000,0.6,4142292982,"[3451658857, 1147558023]",300031,512,1500,32,4,fixed
c032,3,SERIOUS_DEVELOPMENT,V4-H4-BR,HISTORICAL_V4_COMPOSITION_PLUS_QOS_STRESS,4,6a61c5ec2c476cb04cd8aaf95901eba93b7fe4f3a59253c9af8bbe7577efaaf8,v3_only,1000,0.6,38340884,"[1883892285, 1023389345]",300032,512,1500,1,4,fixed
c032,3,SERIOUS_DEVELOPMENT,V4-H4-BR,HISTORICAL_V4_COMPOSITION_PLUS_QOS_STRESS,4,6a61c5ec2c476cb04cd8aaf95901eba93b7fe4f3a59253c9af8bbe7577efaaf8,v3_fixed_probing,1000,0.6,38340884,"[1883892285, 1023389345]",300032,512,1500,32,4,fixed
c032,3,SERIOUS_DEVELOPMENT,V4-H4-BR,HISTORICAL_V4_COMPOSITION_PLUS_QOS_STRESS,4,6a61c5ec2c476cb04cd8aaf95901eba93b7fe4f3a59253c9af8bbe7577efaaf8,simulator_only_adaptive,1000,0.6,38340884,"[1883892285, 1023389345]",300032,0,0,32,4,fixed
c032,3,SERIOUS_DEVELOPMENT,V4-H4-BR,HISTORICAL_V4_COMPOSITION_PLUS_QOS_STRESS,4,6a61c5ec2c476cb04cd8aaf95901eba93b7fe4f3a59253c9af8bbe7577efaaf8,argos_fixed_budget,1000,0.6,38340884,"[1883892285, 1023389345]",300032,512,1500,32,4,fixed
c032,3,SERIOUS_DEVELOPMENT,V4-H4-BR,HISTORICAL_V4_COMPOSITION_PLUS_QOS_STRESS,4,6a61c5ec2c476cb04cd8aaf95901eba93b7fe4f3a59253c9af8bbe7577efaaf8,argos_early_stop,1000,0.6,38340884,"[1883892285, 1023389345]",300032,512,1500,32,4,fixed
c033,3,SERIOUS_DEVELOPMENT,V4-J5-GPT2,HISTORICAL_V4_COMPOSITION_PLUS_QOS_STRESS,5,c193693defbde9206470f66fa65aaaaff5c747d07a8034d26b360c1e6ef9704a,v3_only,1000,0.6,1273068838,"[70756101, 2341774069]",300033,512,1500,1,4,relative_to_equal
c033,3,SERIOUS_DEVELOPMENT,V4-J5-GPT2,HISTORICAL_V4_COMPOSITION_PLUS_QOS_STRESS,5,c193693defbde9206470f66fa65aaaaff5c747d07a8034d26b360c1e6ef9704a,v3_fixed_probing,1000,0.6,1273068838,"[70756101, 2341774069]",300033,512,1500,32,4,relative_to_equal
c033,3,SERIOUS_DEVELOPMENT,V4-J5-GPT2,HISTORICAL_V4_COMPOSITION_PLUS_QOS_STRESS,5,c193693defbde9206470f66fa65aaaaff5c747d07a8034d26b360c1e6ef9704a,simulator_only_adaptive,1000,0.6,1273068838,"[70756101, 2341774069]",300033,0,0,32,4,relative_to_equal
c033,3,SERIOUS_DEVELOPMENT,V4-J5-GPT2,HISTORICAL_V4_COMPOSITION_PLUS_QOS_STRESS,5,c193693defbde9206470f66fa65aaaaff5c747d07a8034d26b360c1e6ef9704a,argos_fixed_budget,1000,0.6,1273068838,"[70756101, 2341774069]",300033,512,1500,32,4,relative_to_equal
c033,3,SERIOUS_DEVELOPMENT,V4-J5-GPT2,HISTORICAL_V4_COMPOSITION_PLUS_QOS_STRESS,5,c193693defbde9206470f66fa65aaaaff5c747d07a8034d26b360c1e6ef9704a,argos_early_stop,1000,0.6,1273068838,"[70756101, 2341774069]",300033,512,1500,32,4,relative_to_equal
c034,3,SERIOUS_DEVELOPMENT,V4-J5-Bloom,HISTORICAL_V4_COMPOSITION_PLUS_QOS_STRESS,5,362e4c45d949fc0b62cb11f0a4f18e4918cf4dfb41e0690256854202d9b89224,v3_only,1000,0.6,3988167748,"[3890955337, 3692162274]",300034,512,1500,1,4,relative_to_equal
c034,3,SERIOUS_DEVELOPMENT,V4-J5-Bloom,HISTORICAL_V4_COMPOSITION_PLUS_QOS_STRESS,5,362e4c45d949fc0b62cb11f0a4f18e4918cf4dfb41e0690256854202d9b89224,v3_fixed_probing,1000,0.6,3988167748,"[3890955337, 3692162274]",300034,512,1500,32,4,relative_to_equal
c034,3,SERIOUS_DEVELOPMENT,V4-J5-Bloom,HISTORICAL_V4_COMPOSITION_PLUS_QOS_STRESS,5,362e4c45d949fc0b62cb11f0a4f18e4918cf4dfb41e0690256854202d9b89224,simulator_only_adaptive,1000,0.6,3988167748,"[3890955337, 3692162274]",300034,0,0,32,4,relative_to_equal
c034,3,SERIOUS_DEVELOPMENT,V4-J5-Bloom,HISTORICAL_V4_COMPOSITION_PLUS_QOS_STRESS,5,362e4c45d949fc0b62cb11f0a4f18e4918cf4dfb41e0690256854202d9b89224,argos_fixed_budget,1000,0.6,3988167748,"[3890955337, 3692162274]",300034,512,1500,32,4,relative_to_equal
c034,3,SERIOUS_DEVELOPMENT,V4-J5-Bloom,HISTORICAL_V4_COMPOSITION_PLUS_QOS_STRESS,5,362e4c45d949fc0b62cb11f0a4f18e4918cf4dfb41e0690256854202d9b89224,argos_early_stop,1000,0.6,3988167748,"[3890955337, 3692162274]",300034,512,1500,32,4,relative_to_equal
c035,3,SERIOUS_DEVELOPMENT,V4-J6-RGL,HISTORICAL_V4_COMPOSITION_PLUS_QOS_STRESS,6,fc8cce521bdba70cc3697adacf568fe1b5f01c1e336ff263375e8150c2c82156,v3_only,1000,0.6,1830154466,"[3246703360, 1638558475]",300035,512,1500,1,4,relative_to_equal
c035,3,SERIOUS_DEVELOPMENT,V4-J6-RGL,HISTORICAL_V4_COMPOSITION_PLUS_QOS_STRESS,6,fc8cce521bdba70cc3697adacf568fe1b5f01c1e336ff263375e8150c2c82156,v3_fixed_probing,1000,0.6,1830154466,"[3246703360, 1638558475]",300035,512,1500,32,4,relative_to_equal
c035,3,SERIOUS_DEVELOPMENT,V4-J6-RGL,HISTORICAL_V4_COMPOSITION_PLUS_QOS_STRESS,6,fc8cce521bdba70cc3697adacf568fe1b5f01c1e336ff263375e8150c2c82156,simulator_only_adaptive,1000,0.6,1830154466,"[3246703360, 1638558475]",300035,0,0,32,4,relative_to_equal
c035,3,SERIOUS_DEVELOPMENT,V4-J6-RGL,HISTORICAL_V4_COMPOSITION_PLUS_QOS_STRESS,6,fc8cce521bdba70cc3697adacf568fe1b5f01c1e336ff263375e8150c2c82156,argos_fixed_budget,1000,0.6,1830154466,"[3246703360, 1638558475]",300035,512,1500,32,4,relative_to_equal
c035,3,SERIOUS_DEVELOPMENT,V4-J6-RGL,HISTORICAL_V4_COMPOSITION_PLUS_QOS_STRESS,6,fc8cce521bdba70cc3697adacf568fe1b5f01c1e336ff263375e8150c2c82156,argos_early_stop,1000,0.6,1830154466,"[3246703360, 1638558475]",300035,512,1500,32,4,relative_to_equal
c036,3,SERIOUS_DEVELOPMENT,V4-J8-ALL,HISTORICAL_V4_COMPOSITION_PLUS_QOS_STRESS,8,21e74d4f1fe5c6907ac564319b9f05f30eea46dd0286badc927428b882c59fef,v3_only,1000,0.6,3983614586,"[2225871745, 2930994372]",300036,512,1500,1,4,relative_to_equal
c036,3,SERIOUS_DEVELOPMENT,V4-J8-ALL,HISTORICAL_V4_COMPOSITION_PLUS_QOS_STRESS,8,21e74d4f1fe5c6907ac564319b9f05f30eea46dd0286badc927428b882c59fef,v3_fixed_probing,1000,0.6,3983614586,"[2225871745, 2930994372]",300036,512,1500,32,4,relative_to_equal
c036,3,SERIOUS_DEVELOPMENT,V4-J8-ALL,HISTORICAL_V4_COMPOSITION_PLUS_QOS_STRESS,8,21e74d4f1fe5c6907ac564319b9f05f30eea46dd0286badc927428b882c59fef,simulator_only_adaptive,1000,0.6,3983614586,"[2225871745, 2930994372]",300036,0,0,32,4,relative_to_equal
c036,3,SERIOUS_DEVELOPMENT,V4-J8-ALL,HISTORICAL_V4_COMPOSITION_PLUS_QOS_STRESS,8,21e74d4f1fe5c6907ac564319b9f05f30eea46dd0286badc927428b882c59fef,argos_fixed_budget,1000,0.6,3983614586,"[2225871745, 2930994372]",300036,512,1500,32,4,relative_to_equal
c036,3,SERIOUS_DEVELOPMENT,V4-J8-ALL,HISTORICAL_V4_COMPOSITION_PLUS_QOS_STRESS,8,21e74d4f1fe5c6907ac564319b9f05f30eea46dd0286badc927428b882c59fef,argos_early_stop,1000,0.6,3983614586,"[2225871745, 2930994372]",300036,512,1500,32,4,relative_to_equal
c037,4,SERIOUS_DEVELOPMENT,J3-TRAIN,CLEAN_STRUCTURAL_J3,3,495f857b2bb938dbb33a88a6acd72d6c5d0cfc2abc268c79d7b6d4115342cb94,v3_only,1000,0.6,2676314693,"[1150682213, 568494695]",300037,512,1500,1,4,relative_to_equal
c037,4,SERIOUS_DEVELOPMENT,J3-TRAIN,CLEAN_STRUCTURAL_J3,3,495f857b2bb938dbb33a88a6acd72d6c5d0cfc2abc268c79d7b6d4115342cb94,v3_fixed_probing,1000,0.6,2676314693,"[1150682213, 568494695]",300037,512,1500,32,4,relative_to_equal
c037,4,SERIOUS_DEVELOPMENT,J3-TRAIN,CLEAN_STRUCTURAL_J3,3,495f857b2bb938dbb33a88a6acd72d6c5d0cfc2abc268c79d7b6d4115342cb94,simulator_only_adaptive,1000,0.6,2676314693,"[1150682213, 568494695]",300037,0,0,32,4,relative_to_equal
c037,4,SERIOUS_DEVELOPMENT,J3-TRAIN,CLEAN_STRUCTURAL_J3,3,495f857b2bb938dbb33a88a6acd72d6c5d0cfc2abc268c79d7b6d4115342cb94,argos_fixed_budget,1000,0.6,2676314693,"[1150682213, 568494695]",300037,512,1500,32,4,relative_to_equal
c037,4,SERIOUS_DEVELOPMENT,J3-TRAIN,CLEAN_STRUCTURAL_J3,3,495f857b2bb938dbb33a88a6acd72d6c5d0cfc2abc268c79d7b6d4115342cb94,argos_early_stop,1000,0.6,2676314693,"[1150682213, 568494695]",300037,512,1500,32,4,relative_to_equal
c038,4,SERIOUS_DEVELOPMENT,J3-INFER,CLEAN_STRUCTURAL_J3,3,a6013907d13db09bec00333a5790c75065aff23cacd601b64819646408b48068,v3_only,1000,0.6,3199385791,"[2608155209, 1617414135]",300038,512,1500,1,4,relative_to_equal
c038,4,SERIOUS_DEVELOPMENT,J3-INFER,CLEAN_STRUCTURAL_J3,3,a6013907d13db09bec00333a5790c75065aff23cacd601b64819646408b48068,v3_fixed_probing,1000,0.6,3199385791,"[2608155209, 1617414135]",300038,512,1500,32,4,relative_to_equal
c038,4,SERIOUS_DEVELOPMENT,J3-INFER,CLEAN_STRUCTURAL_J3,3,a6013907d13db09bec00333a5790c75065aff23cacd601b64819646408b48068,simulator_only_adaptive,1000,0.6,3199385791,"[2608155209, 1617414135]",300038,0,0,32,4,relative_to_equal
c038,4,SERIOUS_DEVELOPMENT,J3-INFER,CLEAN_STRUCTURAL_J3,3,a6013907d13db09bec00333a5790c75065aff23cacd601b64819646408b48068,argos_fixed_budget,1000,0.6,3199385791,"[2608155209, 1617414135]",300038,512,1500,32,4,relative_to_equal
c038,4,SERIOUS_DEVELOPMENT,J3-INFER,CLEAN_STRUCTURAL_J3,3,a6013907d13db09bec00333a5790c75065aff23cacd601b64819646408b48068,argos_early_stop,1000,0.6,3199385791,"[2608155209, 1617414135]",300038,512,1500,32,4,relative_to_equal
c039,4,SERIOUS_DEVELOPMENT,J5-TRAIN4-GPT2I,CLEAN_STRUCTURAL_J5,5,96b1b90f714b1769e4534ecb029e74833cebeb91697a1ffa0e05681003a65939,v3_only,1000,0.6,2320891691,"[1045689996, 3321420789]",300039,512,1500,1,4,relative_to_equal
c039,4,SERIOUS_DEVELOPMENT,J5-TRAIN4-GPT2I,CLEAN_STRUCTURAL_J5,5,96b1b90f714b1769e4534ecb029e74833cebeb91697a1ffa0e05681003a65939,v3_fixed_probing,1000,0.6,2320891691,"[1045689996, 3321420789]",300039,512,1500,32,4,relative_to_equal
c039,4,SERIOUS_DEVELOPMENT,J5-TRAIN4-GPT2I,CLEAN_STRUCTURAL_J5,5,96b1b90f714b1769e4534ecb029e74833cebeb91697a1ffa0e05681003a65939,simulator_only_adaptive,1000,0.6,2320891691,"[1045689996, 3321420789]",300039,0,0,32,4,relative_to_equal
c039,4,SERIOUS_DEVELOPMENT,J5-TRAIN4-GPT2I,CLEAN_STRUCTURAL_J5,5,96b1b90f714b1769e4534ecb029e74833cebeb91697a1ffa0e05681003a65939,argos_fixed_budget,1000,0.6,2320891691,"[1045689996, 3321420789]",300039,512,1500,32,4,relative_to_equal
c039,4,SERIOUS_DEVELOPMENT,J5-TRAIN4-GPT2I,CLEAN_STRUCTURAL_J5,5,96b1b90f714b1769e4534ecb029e74833cebeb91697a1ffa0e05681003a65939,argos_early_stop,1000,0.6,2320891691,"[1045689996, 3321420789]",300039,512,1500,32,4,relative_to_equal
c040,4,SERIOUS_DEVELOPMENT,J5-GPT2T-INFER4,CLEAN_STRUCTURAL_J5,5,287712d12e0a0cdcb85c687d4dae83234ef61af2a2262be8001455caf78a7a69,v3_only,1000,0.6,2481344422,"[665341577, 2680651571]",300040,512,1500,1,4,relative_to_equal
c040,4,SERIOUS_DEVELOPMENT,J5-GPT2T-INFER4,CLEAN_STRUCTURAL_J5,5,287712d12e0a0cdcb85c687d4dae83234ef61af2a2262be8001455caf78a7a69,v3_fixed_probing,1000,0.6,2481344422,"[665341577, 2680651571]",300040,512,1500,32,4,relative_to_equal
c040,4,SERIOUS_DEVELOPMENT,J5-GPT2T-INFER4,CLEAN_STRUCTURAL_J5,5,287712d12e0a0cdcb85c687d4dae83234ef61af2a2262be8001455caf78a7a69,simulator_only_adaptive,1000,0.6,2481344422,"[665341577, 2680651571]",300040,0,0,32,4,relative_to_equal
c040,4,SERIOUS_DEVELOPMENT,J5-GPT2T-INFER4,CLEAN_STRUCTURAL_J5,5,287712d12e0a0cdcb85c687d4dae83234ef61af2a2262be8001455caf78a7a69,argos_fixed_budget,1000,0.6,2481344422,"[665341577, 2680651571]",300040,512,1500,32,4,relative_to_equal
c040,4,SERIOUS_DEVELOPMENT,J5-GPT2T-INFER4,CLEAN_STRUCTURAL_J5,5,287712d12e0a0cdcb85c687d4dae83234ef61af2a2262be8001455caf78a7a69,argos_early_stop,1000,0.6,2481344422,"[665341577, 2680651571]",300040,512,1500,32,4,relative_to_equal
c041,4,SERIOUS_DEVELOPMENT,J6-RGL,CLEAN_STRUCTURAL_J6,6,8fd517a4fd797fe3ce4665c77a671c97972b290cc8143f9e1abd6acb7230a8ff,v3_only,1000,0.6,2599494236,"[1738068943, 1348666699]",300041,512,1500,1,4,relative_to_equal
c041,4,SERIOUS_DEVELOPMENT,J6-RGL,CLEAN_STRUCTURAL_J6,6,8fd517a4fd797fe3ce4665c77a671c97972b290cc8143f9e1abd6acb7230a8ff,v3_fixed_probing,1000,0.6,2599494236,"[1738068943, 1348666699]",300041,512,1500,32,4,relative_to_equal
c041,4,SERIOUS_DEVELOPMENT,J6-RGL,CLEAN_STRUCTURAL_J6,6,8fd517a4fd797fe3ce4665c77a671c97972b290cc8143f9e1abd6acb7230a8ff,simulator_only_adaptive,1000,0.6,2599494236,"[1738068943, 1348666699]",300041,0,0,32,4,relative_to_equal
c041,4,SERIOUS_DEVELOPMENT,J6-RGL,CLEAN_STRUCTURAL_J6,6,8fd517a4fd797fe3ce4665c77a671c97972b290cc8143f9e1abd6acb7230a8ff,argos_fixed_budget,1000,0.6,2599494236,"[1738068943, 1348666699]",300041,512,1500,32,4,relative_to_equal
c041,4,SERIOUS_DEVELOPMENT,J6-RGL,CLEAN_STRUCTURAL_J6,6,8fd517a4fd797fe3ce4665c77a671c97972b290cc8143f9e1abd6acb7230a8ff,argos_early_stop,1000,0.6,2599494236,"[1738068943, 1348666699]",300041,512,1500,32,4,relative_to_equal
c042,4,SERIOUS_DEVELOPMENT,J8-ALL,CLEAN_STRUCTURAL_J8,8,26788534cc001ba8648902fb973daada8219966bbc718652c949b3842d624e53,v3_only,1000,0.6,2775575669,"[105184020, 2793803676]",300042,512,1500,1,4,relative_to_equal
c042,4,SERIOUS_DEVELOPMENT,J8-ALL,CLEAN_STRUCTURAL_J8,8,26788534cc001ba8648902fb973daada8219966bbc718652c949b3842d624e53,v3_fixed_probing,1000,0.6,2775575669,"[105184020, 2793803676]",300042,512,1500,32,4,relative_to_equal
c042,4,SERIOUS_DEVELOPMENT,J8-ALL,CLEAN_STRUCTURAL_J8,8,26788534cc001ba8648902fb973daada8219966bbc718652c949b3842d624e53,simulator_only_adaptive,1000,0.6,2775575669,"[105184020, 2793803676]",300042,0,0,32,4,relative_to_equal
c042,4,SERIOUS_DEVELOPMENT,J8-ALL,CLEAN_STRUCTURAL_J8,8,26788534cc001ba8648902fb973daada8219966bbc718652c949b3842d624e53,argos_fixed_budget,1000,0.6,2775575669,"[105184020, 2793803676]",300042,512,1500,32,4,relative_to_equal
c042,4,SERIOUS_DEVELOPMENT,J8-ALL,CLEAN_STRUCTURAL_J8,8,26788534cc001ba8648902fb973daada8219966bbc718652c949b3842d624e53,argos_early_stop,1000,0.6,2775575669,"[105184020, 2793803676]",300042,512,1500,32,4,relative_to_equal
c043,5,SERIOUS_DEVELOPMENT,W1-train-qos4444,OPERATING_INTERPOLATION_LIKE,4,02fb6372629caad3735cafcb696698aee2297448820d82f6a6024927acc74724,v3_only,500,0.7,2204906402,"[2087567926, 2781028399]",300043,512,1500,1,4,fixed
c043,5,SERIOUS_DEVELOPMENT,W1-train-qos4444,OPERATING_INTERPOLATION_LIKE,4,02fb6372629caad3735cafcb696698aee2297448820d82f6a6024927acc74724,simulator_only_adaptive,500,0.7,2204906402,"[2087567926, 2781028399]",300043,0,0,32,4,fixed
c043,5,SERIOUS_DEVELOPMENT,W1-train-qos4444,OPERATING_INTERPOLATION_LIKE,4,02fb6372629caad3735cafcb696698aee2297448820d82f6a6024927acc74724,argos_fixed_budget,500,0.7,2204906402,"[2087567926, 2781028399]",300043,512,1500,32,4,fixed
c044,5,SERIOUS_DEVELOPMENT,W1-train-qos4444,OPERATING_EXTRAPOLATION_LIKE,4,e1f9f0dec7e17455e09b9299e0581223079e734869be19e195151650e1ebbee9,v3_only,1500,0.9,919179145,"[3376372278, 1795904786]",300044,512,1500,1,4,fixed
c044,5,SERIOUS_DEVELOPMENT,W1-train-qos4444,OPERATING_EXTRAPOLATION_LIKE,4,e1f9f0dec7e17455e09b9299e0581223079e734869be19e195151650e1ebbee9,simulator_only_adaptive,1500,0.9,919179145,"[3376372278, 1795904786]",300044,0,0,32,4,fixed
c044,5,SERIOUS_DEVELOPMENT,W1-train-qos4444,OPERATING_EXTRAPOLATION_LIKE,4,e1f9f0dec7e17455e09b9299e0581223079e734869be19e195151650e1ebbee9,argos_fixed_budget,1500,0.9,919179145,"[3376372278, 1795904786]",300044,512,1500,32,4,fixed
c045,5,SERIOUS_DEVELOPMENT,W2-short-qos5555,OPERATING_INTERPOLATION_LIKE,4,57a97958a3af3436114210abd4f875e38ab1382ad8351ce55f57badc9bbcad0e,v3_only,500,0.7,3494485554,"[433594012, 3683715625]",300045,512,1500,1,4,fixed
c045,5,SERIOUS_DEVELOPMENT,W2-short-qos5555,OPERATING_INTERPOLATION_LIKE,4,57a97958a3af3436114210abd4f875e38ab1382ad8351ce55f57badc9bbcad0e,simulator_only_adaptive,500,0.7,3494485554,"[433594012, 3683715625]",300045,0,0,32,4,fixed
c045,5,SERIOUS_DEVELOPMENT,W2-short-qos5555,OPERATING_INTERPOLATION_LIKE,4,57a97958a3af3436114210abd4f875e38ab1382ad8351ce55f57badc9bbcad0e,argos_fixed_budget,500,0.7,3494485554,"[433594012, 3683715625]",300045,512,1500,32,4,fixed
c046,5,SERIOUS_DEVELOPMENT,W2-short-qos5555,OPERATING_EXTRAPOLATION_LIKE,4,9ac3ccc8f0bb5c4910c70057c75dd29ab3821a0979ee6046e1649fe4ffa25eca,v3_only,1500,0.9,2349022060,"[3598653220, 3536957313]",300046,512,1500,1,4,fixed
c046,5,SERIOUS_DEVELOPMENT,W2-short-qos5555,OPERATING_EXTRAPOLATION_LIKE,4,9ac3ccc8f0bb5c4910c70057c75dd29ab3821a0979ee6046e1649fe4ffa25eca,simulator_only_adaptive,1500,0.9,2349022060,"[3598653220, 3536957313]",300046,0,0,32,4,fixed
c046,5,SERIOUS_DEVELOPMENT,W2-short-qos5555,OPERATING_EXTRAPOLATION_LIKE,4,9ac3ccc8f0bb5c4910c70057c75dd29ab3821a0979ee6046e1649fe4ffa25eca,argos_fixed_budget,1500,0.9,2349022060,"[3598653220, 3536957313]",300046,512,1500,32,4,fixed
