tier,category,method,source_class,J,metric,logical_observations,unique_executions,mean,median,mean_absolute,p10,p90,min,max
ENGINEERING_SMOKE,ORIGINAL_W1,argos_early_stop,independent_exploration,4,max_pj,2,2,-0.01252743195426842,-0.01252743195426842,0.01252743195426842,-0.020412247820854046,-0.004642616087682794,-0.022383451787500452,-0.0026714121210363873
ENGINEERING_SMOKE,ORIGINAL_W1,argos_early_stop,independent_exploration,4,objective,2,2,-0.18523954517350205,-0.18523954517350205,0.5108080232339489,-0.5938859637606612,0.22340687341365711,-0.696047568407451,0.32556847806044686
ENGINEERING_SMOKE,ORIGINAL_W1,argos_early_stop,independent_exploration,4,p90,2,2,0.0007263331823051094,0.0007263331823051094,0.0038331374712288497,-0.0023401767946779704,0.003792843159288189,-0.0031068042889237403,0.004559470653533959
ENGINEERING_SMOKE,ORIGINAL_W1,argos_early_stop,independent_exploration,4,pj_0,2,2,-0.01252743195426842,-0.01252743195426842,0.01252743195426842,-0.020412247820854046,-0.004642616087682794,-0.022383451787500452,-0.0026714121210363873
ENGINEERING_SMOKE,ORIGINAL_W1,argos_early_stop,independent_exploration,4,pj_1,2,2,-8.938749670268638e-05,-8.938749670268638e-05,8.938749670268638e-05,-0.00016089749406135388,-1.787749934401885e-05,-0.00017877499340102077,-4.351978626510869e-15
ENGINEERING_SMOKE,ORIGINAL_W1,argos_early_stop,independent_exploration,4,pj_2,2,2,-0.00011021203961960897,-0.00011021203961960897,0.00011021203961960897,-0.00019838165518788978,-2.2042424051328143e-05,-0.00022042405907996,-2.015925794351947e-11
ENGINEERING_SMOKE,ORIGINAL_W1,argos_early_stop,independent_exploration,4,pj_3,2,2,-3.221627480344215e-07,-3.221627480344215e-07,3.221627480344215e-07,-5.798929464617897e-07,-6.443254960705328e-08,-6.443254960686318e-07,-2.112470004209261e-19
ENGINEERING_SMOKE,ORIGINAL_W1,argos_early_stop,initial_v3_region_representative,4,max_pj,4,4,-0.041762335307366866,-0.05130080133676529,0.041762335307366866,-0.05130080133676529,-0.024593096454449695,-0.05130080133676529,-0.013146937219171595
ENGINEERING_SMOKE,ORIGINAL_W1,argos_early_stop,initial_v3_region_representative,4,objective,4,4,-0.812378952626144,-0.9408740133806859,0.812378952626144,-0.9589878607384975,-0.562973995910157,-0.9662252905525577,-0.4015424931906466
ENGINEERING_SMOKE,ORIGINAL_W1,argos_early_stop,initial_v3_region_representative,4,p90,4,4,-0.00013203821331262615,-8.259768038988181e-05,0.0009918583072721962,-0.0014825976803898811,0.0011789688274264336,-0.002082597680389881,0.00171964018791914
ENGINEERING_SMOKE,ORIGINAL_W1,argos_early_stop,initial_v3_region_representative,4,pj_0,4,4,-0.041762335307366866,-0.05130080133676529,0.041762335307366866,-0.05130080133676529,-0.024593096454449695,-0.05130080133676529,-0.013146937219171595
ENGINEERING_SMOKE,ORIGINAL_W1,argos_early_stop,initial_v3_region_representative,4,pj_1,4,4,-1.997282302692617e-07,-9.980584067537102e-12,1.997282302692617e-07,-5.592210797026112e-07,-9.980584067537102e-12,-7.988829793248442e-07,-9.980584067537102e-12
ENGINEERING_SMOKE,ORIGINAL_W1,argos_early_stop,initial_v3_region_representative,4,pj_2,4,4,-1.3307724283651012e-08,-1.3688458144756055e-09,1.3307724283651012e-08,-3.479770552816674e-08,-1.3688458144756055e-09,-4.912435969117723e-08,-1.3688458144756055e-09
ENGINEERING_SMOKE,ORIGINAL_W1,argos_early_stop,initial_v3_region_representative,4,pj_3,4,4,-3.3012138302084296e-12,-6.263684981443974e-18,3.3012138302084296e-12,-9.243387449950635e-12,-6.263684981443974e-18,-1.3204836529778774e-11,-6.263684981443974e-18
ENGINEERING_SMOKE,ORIGINAL_W1,argos_fixed_budget,independent_exploration,4,max_pj,2,2,-0.01252743195426842,-0.01252743195426842,0.01252743195426842,-0.020412247820854046,-0.004642616087682794,-0.022383451787500452,-0.0026714121210363873
ENGINEERING_SMOKE,ORIGINAL_W1,argos_fixed_budget,independent_exploration,4,objective,2,2,-0.18523954517350205,-0.18523954517350205,0.5108080232339489,-0.5938859637606612,0.22340687341365711,-0.696047568407451,0.32556847806044686
ENGINEERING_SMOKE,ORIGINAL_W1,argos_fixed_budget,independent_exploration,4,p90,2,2,0.0007263331823051094,0.0007263331823051094,0.0038331374712288497,-0.0023401767946779704,0.003792843159288189,-0.0031068042889237403,0.004559470653533959
ENGINEERING_SMOKE,ORIGINAL_W1,argos_fixed_budget,independent_exploration,4,pj_0,2,2,-0.01252743195426842,-0.01252743195426842,0.01252743195426842,-0.020412247820854046,-0.004642616087682794,-0.022383451787500452,-0.0026714121210363873
ENGINEERING_SMOKE,ORIGINAL_W1,argos_fixed_budget,independent_exploration,4,pj_1,2,2,-8.938749670268638e-05,-8.938749670268638e-05,8.938749670268638e-05,-0.00016089749406135388,-1.787749934401885e-05,-0.00017877499340102077,-4.351978626510869e-15
ENGINEERING_SMOKE,ORIGINAL_W1,argos_fixed_budget,independent_exploration,4,pj_2,2,2,-0.00011021203961960897,-0.00011021203961960897,0.00011021203961960897,-0.00019838165518788978,-2.2042424051328143e-05,-0.00022042405907996,-2.015925794351947e-11
ENGINEERING_SMOKE,ORIGINAL_W1,argos_fixed_budget,independent_exploration,4,pj_3,2,2,-3.221627480344215e-07,-3.221627480344215e-07,3.221627480344215e-07,-5.798929464617897e-07,-6.443254960705328e-08,-6.443254960686318e-07,-2.112470004209261e-19
ENGINEERING_SMOKE,ORIGINAL_W1,argos_fixed_budget,initial_v3_region_representative,4,max_pj,4,4,-0.041762335307366866,-0.05130080133676529,0.041762335307366866,-0.05130080133676529,-0.024593096454449695,-0.05130080133676529,-0.013146937219171595
ENGINEERING_SMOKE,ORIGINAL_W1,argos_fixed_budget,initial_v3_region_representative,4,objective,4,4,-0.812378952626144,-0.9408740133806859,0.812378952626144,-0.9589878607384975,-0.562973995910157,-0.9662252905525577,-0.4015424931906466
ENGINEERING_SMOKE,ORIGINAL_W1,argos_fixed_budget,initial_v3_region_representative,4,p90,4,4,-0.00013203821331262615,-8.259768038988181e-05,0.0009918583072721962,-0.0014825976803898811,0.0011789688274264336,-0.002082597680389881,0.00171964018791914
ENGINEERING_SMOKE,ORIGINAL_W1,argos_fixed_budget,initial_v3_region_representative,4,pj_0,4,4,-0.041762335307366866,-0.05130080133676529,0.041762335307366866,-0.05130080133676529,-0.024593096454449695,-0.05130080133676529,-0.013146937219171595
ENGINEERING_SMOKE,ORIGINAL_W1,argos_fixed_budget,initial_v3_region_representative,4,pj_1,4,4,-1.997282302692617e-07,-9.980584067537102e-12,1.997282302692617e-07,-5.592210797026112e-07,-9.980584067537102e-12,-7.988829793248442e-07,-9.980584067537102e-12
ENGINEERING_SMOKE,ORIGINAL_W1,argos_fixed_budget,initial_v3_region_representative,4,pj_2,4,4,-1.3307724283651012e-08,-1.3688458144756055e-09,1.3307724283651012e-08,-3.479770552816674e-08,-1.3688458144756055e-09,-4.912435969117723e-08,-1.3688458144756055e-09
ENGINEERING_SMOKE,ORIGINAL_W1,argos_fixed_budget,initial_v3_region_representative,4,pj_3,4,4,-3.3012138302084296e-12,-6.263684981443974e-18,3.3012138302084296e-12,-9.243387449950635e-12,-6.263684981443974e-18,-1.3204836529778774e-11,-6.263684981443974e-18
ENGINEERING_SMOKE,ORIGINAL_W1,v3_fixed_probing,independent_exploration,4,max_pj,2,2,-0.0013357060605181936,-0.0013357060605181936,0.0013357060605181936,-0.0024042709089327485,-0.00026714121210363867,-0.0026714121210363873,-1.601940225851908e-35
ENGINEERING_SMOKE,ORIGINAL_W1,v3_fixed_probing,independent_exploration,4,objective,2,2,1.163869147676401,1.163869147676401,1.163869147676401,0.49322861198363765,1.8345096833691643,0.32556847806044686,2.002169817292355
ENGINEERING_SMOKE,ORIGINAL_W1,v3_fixed_probing,independent_exploration,4,p90,2,2,0.07739694285392765,0.07739694285392765,0.07739694285392765,0.019126965093612697,0.1356669206142426,0.004559470653533959,0.15023441505432134
ENGINEERING_SMOKE,ORIGINAL_W1,v3_fixed_probing,independent_exploration,4,pj_0,2,2,-0.0013357060605181936,-0.0013357060605181936,0.0013357060605181936,-0.0024042709089327485,-0.00026714121210363867,-0.0026714121210363873,-1.601940225851908e-35
ENGINEERING_SMOKE,ORIGINAL_W1,v3_fixed_probing,independent_exploration,4,pj_1,2,2,-2.1759893132554343e-15,-2.1759893132554343e-15,2.1759893132554343e-15,-3.916780763859782e-15,-4.3519786265108677e-16,-4.351978626510869e-15,0.0
ENGINEERING_SMOKE,ORIGINAL_W1,v3_fixed_probing,independent_exploration,4,pj_2,2,2,-1.0079628971759735e-11,-1.0079628971759735e-11,1.0079628971759735e-11,-1.8143332149167524e-11,-2.0159257943519464e-12,-2.015925794351947e-11,-1.6246526877221676e-38
ENGINEERING_SMOKE,ORIGINAL_W1,v3_fixed_probing,independent_exploration,4,pj_3,2,2,-1.0562350021046305e-19,-1.0562350021046305e-19,1.0562350021046305e-19,-1.901223003788335e-19,-2.1124700042092604e-20,-2.112470004209261e-19,0.0
ENGINEERING_SMOKE,ORIGINAL_W1,v3_fixed_probing,initial_v3_region_representative,4,max_pj,3,3,-0.05130080133676529,-0.05130080133676529,0.05130080133676529,-0.05130080133676529,-0.05130080133676529,-0.05130080133676529,-0.05130080133676529
ENGINEERING_SMOKE,ORIGINAL_W1,v3_fixed_probing,initial_v3_region_representative,4,objective,3,3,-0.9493244391046431,-0.9421005245056904,0.9493244391046431,-0.9614003373431842,-0.9401381067056832,-0.9662252905525577,-0.9396475022556814
ENGINEERING_SMOKE,ORIGINAL_W1,v3_fixed_probing,initial_v3_region_representative,4,p90,3,3,-0.0007492643470565482,-8.259768038988181e-05,0.0007492643470565482,-0.0016825976803898812,-8.259768038988181e-05,-0.002082597680389881,-8.259768038988181e-05
ENGINEERING_SMOKE,ORIGINAL_W1,v3_fixed_probing,initial_v3_region_representative,4,pj_0,3,3,-0.05130080133676529,-0.05130080133676529,0.05130080133676529,-0.05130080133676529,-0.05130080133676529,-0.05130080133676529,-0.05130080133676529
ENGINEERING_SMOKE,ORIGINAL_W1,v3_fixed_probing,initial_v3_region_representative,4,pj_1,3,3,-9.980584067537102e-12,-9.980584067537102e-12,9.980584067537102e-12,-9.980584067537102e-12,-9.980584067537102e-12,-9.980584067537102e-12,-9.980584067537102e-12
ENGINEERING_SMOKE,ORIGINAL_W1,v3_fixed_probing,initial_v3_region_representative,4,pj_2,3,3,-1.3688458144756055e-09,-1.3688458144756055e-09,1.3688458144756055e-09,-1.3688458144756055e-09,-1.3688458144756055e-09,-1.3688458144756055e-09,-1.3688458144756055e-09
ENGINEERING_SMOKE,ORIGINAL_W1,v3_fixed_probing,initial_v3_region_representative,4,pj_3,3,3,-6.263684981443974e-18,-6.263684981443974e-18,6.263684981443974e-18,-6.263684981443974e-18,-6.263684981443974e-18,-6.263684981443974e-18,-6.263684981443974e-18
ENGINEERING_SMOKE,ORIGINAL_W1,v3_fixed_probing,local_refinement,4,max_pj,1,1,-0.1914559961016712,-0.1914559961016712,0.1914559961016712,-0.1914559961016712,-0.1914559961016712,-0.1914559961016712,-0.1914559961016712
ENGINEERING_SMOKE,ORIGINAL_W1,v3_fixed_probing,local_refinement,4,objective,1,1,-5.2023039624962735,-5.2023039624962735,5.2023039624962735,-5.2023039624962735,-5.2023039624962735,-5.2023039624962735,-5.2023039624962735
ENGINEERING_SMOKE,ORIGINAL_W1,v3_fixed_probing,local_refinement,4,p90,1,1,0.006719508405774831,0.006719508405774831,0.006719508405774831,0.006719508405774831,0.006719508405774831,0.006719508405774831,0.006719508405774831
ENGINEERING_SMOKE,ORIGINAL_W1,v3_fixed_probing,local_refinement,4,pj_0,1,1,-0.1914559961016712,-0.1914559961016712,0.1914559961016712,-0.1914559961016712,-0.1914559961016712,-0.1914559961016712,-0.1914559961016712
ENGINEERING_SMOKE,ORIGINAL_W1,v3_fixed_probing,local_refinement,4,pj_1,1,1,-3.1248635679048675e-08,-3.1248635679048675e-08,3.1248635679048675e-08,-3.1248635679048675e-08,-3.1248635679048675e-08,-3.1248635679048675e-08,-3.1248635679048675e-08
ENGINEERING_SMOKE,ORIGINAL_W1,v3_fixed_probing,local_refinement,4,pj_2,1,1,-1.279147738841857e-07,-1.279147738841857e-07,1.279147738841857e-07,-1.279147738841857e-07,-1.279147738841857e-07,-1.279147738841857e-07,-1.279147738841857e-07
ENGINEERING_SMOKE,ORIGINAL_W1,v3_fixed_probing,local_refinement,4,pj_3,1,1,-2.4052908306044195e-14,-2.4052908306044195e-14,2.4052908306044195e-14,-2.4052908306044195e-14,-2.4052908306044195e-14,-2.4052908306044195e-14,-2.4052908306044195e-14
ENGINEERING_SMOKE,ORIGINAL_W1,v3_only,v3_endpoint,4,max_pj,3,3,-0.05130080133676529,-0.05130080133676529,0.05130080133676529,-0.05130080133676529,-0.05130080133676529,-0.05130080133676529,-0.05130080133676529
ENGINEERING_SMOKE,ORIGINAL_W1,v3_only,v3_endpoint,4,objective,3,3,-0.9493244391046431,-0.9421005245056904,0.9493244391046431,-0.9614003373431842,-0.9401381067056832,-0.9662252905525577,-0.9396475022556814
ENGINEERING_SMOKE,ORIGINAL_W1,v3_only,v3_endpoint,4,p90,3,3,-0.0007492643470565482,-8.259768038988181e-05,0.0007492643470565482,-0.0016825976803898812,-8.259768038988181e-05,-0.002082597680389881,-8.259768038988181e-05
ENGINEERING_SMOKE,ORIGINAL_W1,v3_only,v3_endpoint,4,pj_0,3,3,-0.05130080133676529,-0.05130080133676529,0.05130080133676529,-0.05130080133676529,-0.05130080133676529,-0.05130080133676529,-0.05130080133676529
ENGINEERING_SMOKE,ORIGINAL_W1,v3_only,v3_endpoint,4,pj_1,3,3,-9.980584067537102e-12,-9.980584067537102e-12,9.980584067537102e-12,-9.980584067537102e-12,-9.980584067537102e-12,-9.980584067537102e-12,-9.980584067537102e-12
ENGINEERING_SMOKE,ORIGINAL_W1,v3_only,v3_endpoint,4,pj_2,3,3,-1.3688458144756055e-09,-1.3688458144756055e-09,1.3688458144756055e-09,-1.3688458144756055e-09,-1.3688458144756055e-09,-1.3688458144756055e-09,-1.3688458144756055e-09
ENGINEERING_SMOKE,ORIGINAL_W1,v3_only,v3_endpoint,4,pj_3,3,3,-6.263684981443974e-18,-6.263684981443974e-18,6.263684981443974e-18,-6.263684981443974e-18,-6.263684981443974e-18,-6.263684981443974e-18,-6.263684981443974e-18
SCREENING,CLEAN_J4_COMPOSITION,argos_early_stop,independent_exploration,4,max_pj,56,56,0.16694342191059988,0.14330871652736993,0.17732680253282554,-3.4828502255516297e-13,0.37055645065936066,-0.2538101389908084,0.8701924354398182
SCREENING,CLEAN_J4_COMPOSITION,argos_early_stop,independent_exploration,4,objective,56,56,7.798507832082622,7.192575845915471,9.13557703941042,0.1189707843196004,19.08287662098904,-25.060661789063715,25.367367527088845
SCREENING,CLEAN_J4_COMPOSITION,argos_early_stop,independent_exploration,4,p90,56,56,0.0054462554860760315,-0.002428642526268959,0.14278678936260153,-0.19067513465881347,0.25930488896369935,-0.9233815259933471,0.9352158641815187
SCREENING,CLEAN_J4_COMPOSITION,argos_early_stop,independent_exploration,4,pj_0,56,56,0.12270789305827505,0.0,0.13875390202836907,-0.005019639385864139,0.3922766983774338,-0.2538101389908084,0.9278054303009118
SCREENING,CLEAN_J4_COMPOSITION,argos_early_stop,independent_exploration,4,pj_1,56,56,0.0607676906126564,-2.7713641915236168e-36,0.06329773217351559,-7.887513788773504e-07,0.26151490879219336,-0.04541958113230726,0.40182582212435014
SCREENING,CLEAN_J4_COMPOSITION,argos_early_stop,independent_exploration,4,pj_2,56,56,0.051896848451169944,-3.760887990663476e-35,0.05395060693682367,-1.0590245347330551e-09,0.19499776135187524,-0.05746783771454256,0.5829397492180965
SCREENING,CLEAN_J4_COMPOSITION,argos_early_stop,independent_exploration,4,pj_3,56,56,0.0445853915242457,-6.584219681128624e-34,0.0638559987425614,-2.747469025621285e-07,0.18923659477513133,-0.43067175092430643,0.8344634318529224
SCREENING,CLEAN_J4_COMPOSITION,argos_early_stop,initial_v3_region_representative,4,max_pj,94,94,0.24330134738240766,0.14525404568873196,0.24601468620898975,-0.0003168445939081718,0.7277910754699616,-0.03754056617617607,0.9123698695276852
SCREENING,CLEAN_J4_COMPOSITION,argos_early_stop,initial_v3_region_representative,4,objective,94,94,11.194217181031345,8.10934790987789,11.209022900266659,0.43070891747409806,25.253454330477496,-0.6958688040597139,44.44844047470676
SCREENING,CLEAN_J4_COMPOSITION,argos_early_stop,initial_v3_region_representative,4,p90,94,94,0.13989292834444525,0.055661959812045164,0.15621798651672383,-0.0016829528991132976,0.38466074636876585,-0.29359490299224855,1.9351176604032516
SCREENING,CLEAN_J4_COMPOSITION,argos_early_stop,initial_v3_region_representative,4,pj_0,94,94,0.14367439847046232,-3.3671662597601284e-35,0.15146687546026383,-0.0035412514116615057,0.5398981320492671,-0.09694609045982361,0.9001566498773663
SCREENING,CLEAN_J4_COMPOSITION,argos_early_stop,initial_v3_region_representative,4,pj_1,94,94,0.08388672538175493,-1.429820624447835e-20,0.08565110470046854,-2.8221383985282945e-07,0.2557973652629109,-0.044720109552145004,0.9123698695276852
SCREENING,CLEAN_J4_COMPOSITION,argos_early_stop,initial_v3_region_representative,4,pj_2,94,94,0.06802316009851025,-4.901055630693059e-20,0.07025623160906388,-0.0047991350293159485,0.276373914569775,-0.025329021736979485,0.8162480007534461
SCREENING,CLEAN_J4_COMPOSITION,argos_early_stop,initial_v3_region_representative,4,pj_3,94,94,0.0723547620296627,-3.3434143081673566e-19,0.07452210617504246,-4.215105195726207e-06,0.27025557083403956,-0.026709051802754402,0.8898935874767648
SCREENING,CLEAN_J4_COMPOSITION,argos_early_stop,local_refinement,4,max_pj,84,84,0.2777782215023413,0.23199953721065064,0.28392910924032333,-1.6441252179144589e-09,0.6952653990303987,-0.11841630190610886,0.891588593545672
SCREENING,CLEAN_J4_COMPOSITION,argos_early_stop,local_refinement,4,objective,84,84,10.839076609786694,10.126078513996532,11.54598942890568,1.6649812289910018,24.135104011105497,-19.463806584501825,35.067906963822864
SCREENING,CLEAN_J4_COMPOSITION,argos_early_stop,local_refinement,4,p90,84,84,0.03864785281069843,0.0036613278910517686,0.15518512864648143,-0.1912364774703979,0.3218199101537469,-0.9749219160079956,0.7270472807884216
SCREENING,CLEAN_J4_COMPOSITION,argos_early_stop,local_refinement,4,pj_0,84,84,0.17646919195188793,0.020355402083110485,0.1936767857377494,-0.0017995366244576857,0.6040195617037756,-0.31029126048088074,0.891588593545672
SCREENING,CLEAN_J4_COMPOSITION,argos_early_stop,local_refinement,4,pj_1,84,84,0.08518136990051775,-2.4717560181298164e-24,0.08784666838589798,-1.1721571198108902e-07,0.3725985745148429,-0.11185379941715723,0.7596866391045707
SCREENING,CLEAN_J4_COMPOSITION,argos_early_stop,local_refinement,4,pj_2,84,84,0.08528957417305906,-1.9125049487833308e-28,0.08963763881863743,-2.7537589915027637e-07,0.3572771504933199,-0.17382479927769756,0.6971115664986629
SCREENING,CLEAN_J4_COMPOSITION,argos_early_stop,local_refinement,4,pj_3,84,84,0.058199612387191894,-1.5718761390885246e-20,0.07877974918157686,-6.0813611241883275e-05,0.2619655720642794,-0.483393374780429,0.7261250791887389
SCREENING,CLEAN_J4_COMPOSITION,argos_fixed_budget,independent_exploration,4,max_pj,56,56,0.16694342191059988,0.14330871652736993,0.17732680253282554,-3.4828502255516297e-13,0.37055645065936066,-0.2538101389908084,0.8701924354398182
SCREENING,CLEAN_J4_COMPOSITION,argos_fixed_budget,independent_exploration,4,objective,56,56,7.798507832082622,7.192575845915471,9.13557703941042,0.1189707843196004,19.08287662098904,-25.060661789063715,25.367367527088845
SCREENING,CLEAN_J4_COMPOSITION,argos_fixed_budget,independent_exploration,4,p90,56,56,0.0054462554860760315,-0.002428642526268959,0.14278678936260153,-0.19067513465881347,0.25930488896369935,-0.9233815259933471,0.9352158641815187
SCREENING,CLEAN_J4_COMPOSITION,argos_fixed_budget,independent_exploration,4,pj_0,56,56,0.12270789305827505,0.0,0.13875390202836907,-0.005019639385864139,0.3922766983774338,-0.2538101389908084,0.9278054303009118
SCREENING,CLEAN_J4_COMPOSITION,argos_fixed_budget,independent_exploration,4,pj_1,56,56,0.0607676906126564,-2.7713641915236168e-36,0.06329773217351559,-7.887513788773504e-07,0.26151490879219336,-0.04541958113230726,0.40182582212435014
SCREENING,CLEAN_J4_COMPOSITION,argos_fixed_budget,independent_exploration,4,pj_2,56,56,0.051896848451169944,-3.760887990663476e-35,0.05395060693682367,-1.0590245347330551e-09,0.19499776135187524,-0.05746783771454256,0.5829397492180965
SCREENING,CLEAN_J4_COMPOSITION,argos_fixed_budget,independent_exploration,4,pj_3,56,56,0.0445853915242457,-6.584219681128624e-34,0.0638559987425614,-2.747469025621285e-07,0.18923659477513133,-0.43067175092430643,0.8344634318529224
SCREENING,CLEAN_J4_COMPOSITION,argos_fixed_budget,initial_v3_region_representative,4,max_pj,94,94,0.24330134738240766,0.14525404568873196,0.24601468620898975,-0.0003168445939081718,0.7277910754699616,-0.03754056617617607,0.9123698695276852
SCREENING,CLEAN_J4_COMPOSITION,argos_fixed_budget,initial_v3_region_representative,4,objective,94,94,11.194217181031345,8.10934790987789,11.209022900266659,0.43070891747409806,25.253454330477496,-0.6958688040597139,44.44844047470676
SCREENING,CLEAN_J4_COMPOSITION,argos_fixed_budget,initial_v3_region_representative,4,p90,94,94,0.13989292834444525,0.055661959812045164,0.15621798651672383,-0.0016829528991132976,0.38466074636876585,-0.29359490299224855,1.9351176604032516
SCREENING,CLEAN_J4_COMPOSITION,argos_fixed_budget,initial_v3_region_representative,4,pj_0,94,94,0.14367439847046232,-3.3671662597601284e-35,0.15146687546026383,-0.0035412514116615057,0.5398981320492671,-0.09694609045982361,0.9001566498773663
SCREENING,CLEAN_J4_COMPOSITION,argos_fixed_budget,initial_v3_region_representative,4,pj_1,94,94,0.08388672538175493,-1.429820624447835e-20,0.08565110470046854,-2.8221383985282945e-07,0.2557973652629109,-0.044720109552145004,0.9123698695276852
SCREENING,CLEAN_J4_COMPOSITION,argos_fixed_budget,initial_v3_region_representative,4,pj_2,94,94,0.06802316009851025,-4.901055630693059e-20,0.07025623160906388,-0.0047991350293159485,0.276373914569775,-0.025329021736979485,0.8162480007534461
SCREENING,CLEAN_J4_COMPOSITION,argos_fixed_budget,initial_v3_region_representative,4,pj_3,94,94,0.0723547620296627,-3.3434143081673566e-19,0.07452210617504246,-4.215105195726207e-06,0.27025557083403956,-0.026709051802754402,0.8898935874767648
SCREENING,CLEAN_J4_COMPOSITION,argos_fixed_budget,local_refinement,4,max_pj,84,84,0.2777782215023413,0.23199953721065064,0.28392910924032333,-1.6441252179144589e-09,0.6952653990303987,-0.11841630190610886,0.891588593545672
SCREENING,CLEAN_J4_COMPOSITION,argos_fixed_budget,local_refinement,4,objective,84,84,10.839076609786694,10.126078513996532,11.54598942890568,1.6649812289910018,24.135104011105497,-19.463806584501825,35.067906963822864
SCREENING,CLEAN_J4_COMPOSITION,argos_fixed_budget,local_refinement,4,p90,84,84,0.03864785281069843,0.0036613278910517686,0.15518512864648143,-0.1912364774703979,0.3218199101537469,-0.9749219160079956,0.7270472807884216
SCREENING,CLEAN_J4_COMPOSITION,argos_fixed_budget,local_refinement,4,pj_0,84,84,0.17646919195188793,0.020355402083110485,0.1936767857377494,-0.0017995366244576857,0.6040195617037756,-0.31029126048088074,0.891588593545672
SCREENING,CLEAN_J4_COMPOSITION,argos_fixed_budget,local_refinement,4,pj_1,84,84,0.08518136990051775,-2.4717560181298164e-24,0.08784666838589798,-1.1721571198108902e-07,0.3725985745148429,-0.11185379941715723,0.7596866391045707
SCREENING,CLEAN_J4_COMPOSITION,argos_fixed_budget,local_refinement,4,pj_2,84,84,0.08528957417305906,-1.9125049487833308e-28,0.08963763881863743,-2.7537589915027637e-07,0.3572771504933199,-0.17382479927769756,0.6971115664986629
SCREENING,CLEAN_J4_COMPOSITION,argos_fixed_budget,local_refinement,4,pj_3,84,84,0.058199612387191894,-1.5718761390885246e-20,0.07877974918157686,-6.0813611241883275e-05,0.2619655720642794,-0.483393374780429,0.7261250791887389
SCREENING,CLEAN_J4_COMPOSITION,v3_fixed_probing,independent_exploration,4,max_pj,56,56,0.16694342191059988,0.14330871652736993,0.17732680253282554,-3.4828502255516297e-13,0.37055645065936066,-0.2538101389908084,0.8701924354398182
SCREENING,CLEAN_J4_COMPOSITION,v3_fixed_probing,independent_exploration,4,objective,56,56,7.798507832082622,7.192575845915471,9.13557703941042,0.1189707843196004,19.08287662098904,-25.060661789063715,25.367367527088845
SCREENING,CLEAN_J4_COMPOSITION,v3_fixed_probing,independent_exploration,4,p90,56,56,0.0054462554860760315,-0.002428642526268959,0.14278678936260153,-0.19067513465881347,0.25930488896369935,-0.9233815259933471,0.9352158641815187
SCREENING,CLEAN_J4_COMPOSITION,v3_fixed_probing,independent_exploration,4,pj_0,56,56,0.12270789305827505,0.0,0.13875390202836907,-0.005019639385864139,0.3922766983774338,-0.2538101389908084,0.9278054303009118
SCREENING,CLEAN_J4_COMPOSITION,v3_fixed_probing,independent_exploration,4,pj_1,56,56,0.0607676906126564,-2.7713641915236168e-36,0.06329773217351559,-7.887513788773504e-07,0.26151490879219336,-0.04541958113230726,0.40182582212435014
SCREENING,CLEAN_J4_COMPOSITION,v3_fixed_probing,independent_exploration,4,pj_2,56,56,0.051896848451169944,-3.760887990663476e-35,0.05395060693682367,-1.0590245347330551e-09,0.19499776135187524,-0.05746783771454256,0.5829397492180965
SCREENING,CLEAN_J4_COMPOSITION,v3_fixed_probing,independent_exploration,4,pj_3,56,56,0.0445853915242457,-6.584219681128624e-34,0.0638559987425614,-2.747469025621285e-07,0.18923659477513133,-0.43067175092430643,0.8344634318529224
SCREENING,CLEAN_J4_COMPOSITION,v3_fixed_probing,initial_v3_region_representative,4,max_pj,94,94,0.24330134738240766,0.14525404568873196,0.24601468620898975,-0.0003168445939081718,0.7277910754699616,-0.03754056617617607,0.9123698695276852
SCREENING,CLEAN_J4_COMPOSITION,v3_fixed_probing,initial_v3_region_representative,4,objective,94,94,11.194217181031345,8.10934790987789,11.209022900266659,0.43070891747409806,25.253454330477496,-0.6958688040597139,44.44844047470676
SCREENING,CLEAN_J4_COMPOSITION,v3_fixed_probing,initial_v3_region_representative,4,p90,94,94,0.13989292834444525,0.055661959812045164,0.15621798651672383,-0.0016829528991132976,0.38466074636876585,-0.29359490299224855,1.9351176604032516
SCREENING,CLEAN_J4_COMPOSITION,v3_fixed_probing,initial_v3_region_representative,4,pj_0,94,94,0.14367439847046232,-3.3671662597601284e-35,0.15146687546026383,-0.0035412514116615057,0.5398981320492671,-0.09694609045982361,0.9001566498773663
SCREENING,CLEAN_J4_COMPOSITION,v3_fixed_probing,initial_v3_region_representative,4,pj_1,94,94,0.08388672538175493,-1.429820624447835e-20,0.08565110470046854,-2.8221383985282945e-07,0.2557973652629109,-0.044720109552145004,0.9123698695276852
SCREENING,CLEAN_J4_COMPOSITION,v3_fixed_probing,initial_v3_region_representative,4,pj_2,94,94,0.06802316009851025,-4.901055630693059e-20,0.07025623160906388,-0.0047991350293159485,0.276373914569775,-0.025329021736979485,0.8162480007534461
SCREENING,CLEAN_J4_COMPOSITION,v3_fixed_probing,initial_v3_region_representative,4,pj_3,94,94,0.0723547620296627,-3.3434143081673566e-19,0.07452210617504246,-4.215105195726207e-06,0.27025557083403956,-0.026709051802754402,0.8898935874767648
SCREENING,CLEAN_J4_COMPOSITION,v3_fixed_probing,local_refinement,4,max_pj,86,86,0.2186435828968894,0.17216180393010688,0.23236987055418773,-6.84104299542021e-07,0.6040336326689687,-0.37844297656820247,0.9004982153390584
SCREENING,CLEAN_J4_COMPOSITION,v3_fixed_probing,local_refinement,4,objective,86,86,10.281096067156666,9.756821298072865,10.698949822460225,0.6454727333270114,21.772744463611183,-10.355170704019883,32.1931776527131
SCREENING,CLEAN_J4_COMPOSITION,v3_fixed_probing,local_refinement,4,p90,86,86,0.08653275218923294,0.005879180673509836,0.14624899578290496,-0.053662251472473166,0.3644802615344524,-0.9127162952423096,1.0172696828842165
SCREENING,CLEAN_J4_COMPOSITION,v3_fixed_probing,local_refinement,4,pj_0,86,86,0.13584054886844135,-1.8963100895743338e-38,0.14904093153659434,-0.00012857444926339667,0.5156426291375871,-0.3342393272693631,0.799381858296753
SCREENING,CLEAN_J4_COMPOSITION,v3_fixed_probing,local_refinement,4,pj_1,86,86,0.0812082779782804,-8.132012392664852e-26,0.08128229621959891,-7.718364827269397e-07,0.2917307593661712,-0.0028671857435256243,0.6588340136168839
SCREENING,CLEAN_J4_COMPOSITION,v3_fixed_probing,local_refinement,4,pj_2,86,86,0.0647173221733014,-1.2504685163459918e-22,0.08775294640181201,-0.00020791318092960864,0.308412348184864,-0.37844297656820247,0.6469554820461778
SCREENING,CLEAN_J4_COMPOSITION,v3_fixed_probing,local_refinement,4,pj_3,86,86,0.058526864479419835,-2.5839197129006e-24,0.0678063451403115,-3.159310679734517e-08,0.20734290701393548,-0.2402402759089669,0.9004982153390584
SCREENING,CLEAN_J4_COMPOSITION,v3_only,v3_endpoint,4,max_pj,14,14,0.48084479911626443,0.5844295997734104,0.49123443418955154,-0.010209246065418152,0.7640823671574256,-0.03754056617617607,0.8351357393762022
SCREENING,CLEAN_J4_COMPOSITION,v3_only,v3_endpoint,4,objective,14,14,20.793183543766737,24.839704413547537,20.793183543766737,4.077281435806819,30.675673095847234,1.7815175006686559,41.78635498787946
SCREENING,CLEAN_J4_COMPOSITION,v3_only,v3_endpoint,4,p90,14,14,0.20367325505348188,0.16952820172347127,0.2038845658100077,0.0009535192698240281,0.5041521861165762,-0.0014791752956807612,0.6971133859157562
SCREENING,CLEAN_J4_COMPOSITION,v3_only,v3_endpoint,4,pj_0,14,14,0.2992095650692064,0.24284384374343077,0.31185487746200097,-0.029367737906749423,0.7095560824891121,-0.03754056617617607,0.8351357393762022
SCREENING,CLEAN_J4_COMPOSITION,v3_only,v3_endpoint,4,pj_1,14,14,0.1775863926438625,-1.1216060372132297e-10,0.18665646596039512,-0.013139237074400966,0.6197174929987047,-0.044720109552145004,0.7328141328454405
SCREENING,CLEAN_J4_COMPOSITION,v3_only,v3_endpoint,4,pj_2,14,14,0.14702177741987815,-6.37684224868984e-10,0.15372282005606713,-0.011290295887738467,0.535631102243808,-0.025329021736979485,0.7376683769309398
SCREENING,CLEAN_J4_COMPOSITION,v3_only,v3_endpoint,4,pj_3,14,14,0.15487539909931872,-6.430064466989016e-11,0.16507225616354382,-0.02272951267659664,0.6207609404990879,-0.026709051802754402,0.7331234046134347
SERIOUS_DEVELOPMENT,CLEAN_J4_COMPOSITION,argos_early_stop,independent_exploration,4,max_pj,4,4,0.17395434593041523,0.16358533470657627,0.17395434593041523,0.07689302310242105,0.2793108777374806,0.0583181698795352,0.3103285444289732
SERIOUS_DEVELOPMENT,CLEAN_J4_COMPOSITION,argos_early_stop,independent_exploration,4,objective,4,4,11.444454119001417,10.541283763041143,11.444454119001417,5.101839761201408,18.509604761569648,2.9625111668565864,21.732737783066796
SERIOUS_DEVELOPMENT,CLEAN_J4_COMPOSITION,argos_early_stop,independent_exploration,4,p90,4,4,0.09762125736474994,0.1262582278251648,0.19407561281323435,-0.13186383956074713,0.30419677792191513,-0.18497806572914122,0.32294663953781133
SERIOUS_DEVELOPMENT,CLEAN_J4_COMPOSITION,argos_early_stop,independent_exploration,4,pj_0,4,4,0.13710538516490994,-1.4672822601369262e-07,0.13716166885289222,-7.867978059437063e-05,0.38397387562492313,-0.00011227391951251775,0.5485341080356043
SERIOUS_DEVELOPMENT,CLEAN_J4_COMPOSITION,argos_early_stop,independent_exploration,4,pj_1,4,4,-1.51733516418156e-07,-1.8756446311380553e-19,1.51733516418156e-07,-4.248538459706867e-07,-3.3130743616931916e-27,-6.069340656722488e-07,-8.579925168267791e-38
SERIOUS_DEVELOPMENT,CLEAN_J4_COMPOSITION,argos_early_stop,independent_exploration,4,pj_2,4,4,0.1593748034531802,0.16358533470657627,0.15937480346788266,0.03607030416616297,0.2793108777374806,-2.9404926410459e-11,0.3103285444289732
SERIOUS_DEVELOPMENT,CLEAN_J4_COMPOSITION,argos_early_stop,independent_exploration,4,pj_3,4,4,0.13459781104734456,0.15237064296228559,0.13459781104734456,0.08181556569393578,0.1731617908688005,0.0583181698795352,0.17533178838527186
SERIOUS_DEVELOPMENT,CLEAN_J4_COMPOSITION,argos_early_stop,initial_v3_region_representative,4,max_pj,8,8,0.1510348250088625,0.0002699575866176307,0.15145073847848628,-0.0008318269392475486,0.5032500010068606,-0.0008318269392475486,0.5296126168941764
SERIOUS_DEVELOPMENT,CLEAN_J4_COMPOSITION,argos_early_stop,initial_v3_region_representative,4,objective,8,8,10.301814983567457,8.988202124947307,10.301814983567457,0.5160114647018375,20.86453030495849,0.5051593676883783,27.266105813196916
SERIOUS_DEVELOPMENT,CLEAN_J4_COMPOSITION,argos_early_stop,initial_v3_region_representative,4,p90,8,8,0.20510915872547775,0.153926285110414,0.20510915872547775,0.009197899065166713,0.41236116773411624,0.0038991253301501275,0.7451305685043335
SERIOUS_DEVELOPMENT,CLEAN_J4_COMPOSITION,argos_early_stop,initial_v3_region_representative,4,pj_0,8,8,0.08764974299835379,-3.0712561385640276e-25,0.08765011534375097,-4.964605295754154e-07,0.23712016359138596,-4.964605295754154e-07,0.2584263824445687
SERIOUS_DEVELOPMENT,CLEAN_J4_COMPOSITION,argos_early_stop,initial_v3_region_representative,4,pj_1,8,8,-9.303528993405647e-09,-2.063049857595927e-16,9.303528993405647e-09,-2.2372805388859434e-08,-2.0149462630047326e-35,-7.431739135199678e-08,0.0
SERIOUS_DEVELOPMENT,CLEAN_J4_COMPOSITION,argos_early_stop,initial_v3_region_representative,4,pj_2,8,8,0.15103517567363972,0.0002704251396539181,0.1514506215902272,-0.0008308918331749737,0.5032500010068606,-0.0008308918331749737,0.5296126168941764
SERIOUS_DEVELOPMENT,CLEAN_J4_COMPOSITION,argos_early_stop,initial_v3_region_representative,4,pj_3,8,8,0.0783512823431299,-2.403769405753221e-10,0.07897515266775403,-0.0008318269392475486,0.2690907285526744,-0.0008318269392475486,0.42855822369450136
SERIOUS_DEVELOPMENT,CLEAN_J4_COMPOSITION,argos_early_stop,local_refinement,4,max_pj,6,6,0.24709307857183274,0.14643331429637296,0.24709308874533745,-1.5260257058002942e-08,0.5948459366793822,-3.052051411600587e-08,0.656608927229468
SERIOUS_DEVELOPMENT,CLEAN_J4_COMPOSITION,argos_early_stop,local_refinement,4,objective,6,6,14.280676433207512,7.8230803868997825,14.280676433207512,2.2834594292443953,32.73548948347836,1.385785900131765,36.914402493156615
SERIOUS_DEVELOPMENT,CLEAN_J4_COMPOSITION,argos_early_stop,local_refinement,4,p90,6,6,0.08775385293240351,0.02366385425254703,0.12006084728116793,-0.04846049152314664,0.28805819606781013,-0.0826071562767029,0.4141827182769777
SERIOUS_DEVELOPMENT,CLEAN_J4_COMPOSITION,argos_early_stop,local_refinement,4,pj_0,6,6,0.059996912572609806,-6.384982738521136e-23,0.06013254913121082,-0.00020345483790151775,0.18019419255573094,-0.0004069096758030355,0.21407375643744675
SERIOUS_DEVELOPMENT,CLEAN_J4_COMPOSITION,argos_early_stop,local_refinement,4,pj_1,6,6,-1.0709922940090518e-10,-1.1454425665635518e-24,1.0709922940090518e-10,-3.2129768820271434e-10,-1.2878455806139936e-29,-6.422911646986051e-10,0.0
SERIOUS_DEVELOPMENT,CLEAN_J4_COMPOSITION,argos_early_stop,local_refinement,4,pj_2,6,6,0.23906170577347977,0.12233919248046204,0.23906171366641646,-1.1839405023208917e-08,0.5948459366793822,-2.3678810023852748e-08,0.656608927229468
SERIOUS_DEVELOPMENT,CLEAN_J4_COMPOSITION,argos_early_stop,local_refinement,4,pj_3,6,6,0.22361656004576144,0.12463611003959868,0.22361657021926615,-1.5260257058002935e-08,0.5462135853579426,-3.052051411600587e-08,0.6701931601860136
SERIOUS_DEVELOPMENT,CLEAN_J4_COMPOSITION,argos_fixed_budget,independent_exploration,4,max_pj,8,8,0.1512875418142256,0.13603555577282062,0.1512875418142256,0.08739881961613626,0.2379539888154904,0.0583181698795352,0.3103285444289732
SERIOUS_DEVELOPMENT,CLEAN_J4_COMPOSITION,argos_fixed_budget,independent_exploration,4,objective,8,8,10.210132581268555,9.950830597942087,10.210132581268555,2.647902756597138,20.252996661463207,1.9138164659917578,21.732737783066796
SERIOUS_DEVELOPMENT,CLEAN_J4_COMPOSITION,argos_fixed_budget,independent_exploration,4,p90,8,8,0.014804701685905475,-0.0028269425630569464,0.13815299777686596,-0.2179338225126266,0.27919696243405345,-0.29483058834075926,0.32294663953781133
SERIOUS_DEVELOPMENT,CLEAN_J4_COMPOSITION,argos_fixed_budget,independent_exploration,4,pj_0,8,8,0.12004614633605637,-2.351324498062364e-14,0.1200745471804466,-3.440737693836126e-05,0.4529242986319666,-0.00011227391951251775,0.5485341080356043
SERIOUS_DEVELOPMENT,CLEAN_J4_COMPOSITION,argos_fixed_budget,independent_exploration,4,pj_1,8,8,-8.628740495775482e-08,-5.731011151503181e-14,8.628740495775482e-08,-2.4035628953811283e-07,-1.1079121970677518e-30,-6.069340656722488e-07,-8.579925168267791e-38
SERIOUS_DEVELOPMENT,CLEAN_J4_COMPOSITION,argos_fixed_budget,independent_exploration,4,pj_2,8,8,0.1301196872090909,0.13599695583756893,0.13011968721644213,-8.821478039774374e-12,0.2379539888154904,-2.9404926410459e-11,0.3103285444289732
SERIOUS_DEVELOPMENT,CLEAN_J4_COMPOSITION,argos_fixed_budget,independent_exploration,4,pj_3,8,8,0.13057639027921997,0.143385156331802,0.13057639027921997,0.08281116062366294,0.1702684608468387,0.0583181698795352,0.17533178838527186
SERIOUS_DEVELOPMENT,CLEAN_J4_COMPOSITION,argos_fixed_budget,initial_v3_region_representative,4,max_pj,6,6,0.2016570423248992,0.09418895000003247,0.2016570423248992,-1.8283273891896726e-19,0.5107821769746651,-3.656654778379345e-19,0.5296126168941764
SERIOUS_DEVELOPMENT,CLEAN_J4_COMPOSITION,argos_fixed_budget,initial_v3_region_representative,4,objective,6,6,13.564783022904898,14.224903696758346,13.564783022904898,3.775893493215449,22.693551878740898,0.810168852101441,27.266105813196916
SERIOUS_DEVELOPMENT,CLEAN_J4_COMPOSITION,argos_fixed_budget,initial_v3_region_representative,4,p90,6,6,0.2308367832638323,0.17738824669644235,0.2308367832638323,0.007683963712304831,0.5074381393827498,0.0038991253301501275,0.7451305685043335
SERIOUS_DEVELOPMENT,CLEAN_J4_COMPOSITION,argos_fixed_budget,initial_v3_region_representative,4,pj_0,6,6,0.11686648948464824,0.1073920619919142,0.11686665497149144,-2.482302647877077e-07,0.24320765469229533,-4.964605295754154e-07,0.2584263824445687
SERIOUS_DEVELOPMENT,CLEAN_J4_COMPOSITION,argos_fixed_budget,initial_v3_region_representative,4,pj_1,6,6,-1.2404705255772535e-08,-1.0327606786012279e-16,1.2404705255772535e-08,-3.7214115664041536e-08,-1.4392473307176657e-35,-7.431739135199678e-08,0.0
SERIOUS_DEVELOPMENT,CLEAN_J4_COMPOSITION,argos_fixed_budget,initial_v3_region_representative,4,pj_2,6,6,0.2016571981759113,0.09418941755306875,0.2016571981759113,-1.8283273891896726e-19,0.5107821769746651,-3.656654778379345e-19,0.5296126168941764
SERIOUS_DEVELOPMENT,CLEAN_J4_COMPOSITION,argos_fixed_budget,initial_v3_region_representative,4,pj_3,6,6,0.10474565210392238,-7.728545766661664e-22,0.10502292791058952,-0.00041591371000071486,0.31465287002176784,-0.0008318269392475486,0.42855822369450136
SERIOUS_DEVELOPMENT,CLEAN_J4_COMPOSITION,argos_fixed_budget,local_refinement,4,max_pj,20,20,0.12294489124961405,-1.8531267558220194e-13,0.1596449036743087,-0.07187760919332503,0.5110364199077151,-0.11062677204608917,0.656608927229468
SERIOUS_DEVELOPMENT,CLEAN_J4_COMPOSITION,argos_fixed_budget,local_refinement,4,objective,20,20,7.2654927593024805,3.026695237065276,7.950931669599237,-1.8874062776094491,28.95458455120216,-1.958960045954015,36.914402493156615
SERIOUS_DEVELOPMENT,CLEAN_J4_COMPOSITION,argos_fixed_budget,local_refinement,4,p90,20,20,0.08165794842280448,0.03826326107978818,0.10556492724157869,-0.03378605728149417,0.21258680939674413,-0.10957761240005492,0.45595532512664794
SERIOUS_DEVELOPMENT,CLEAN_J4_COMPOSITION,argos_fixed_budget,local_refinement,4,pj_0,20,20,0.05761554125528627,-1.8930906654940573e-20,0.05766582252130055,-3.196750913048163e-05,0.2222879874628613,-0.0004069096758030355,0.3552891806787202
SERIOUS_DEVELOPMENT,CLEAN_J4_COMPOSITION,argos_fixed_budget,local_refinement,4,pj_1,20,20,-1.527089168066079e-10,-3.7488762527658617e-20,1.527089168066079e-10,-6.450290700600161e-11,-1.4439239379765935e-35,-2.411558064352448e-09,0.0
SERIOUS_DEVELOPMENT,CLEAN_J4_COMPOSITION,argos_fixed_budget,local_refinement,4,pj_2,20,20,0.1037619170247361,-8.173866098045594e-13,0.13216580453824833,-0.052647368955759416,0.5110364199077151,-0.11062677204608917,0.656608927229468
SERIOUS_DEVELOPMENT,CLEAN_J4_COMPOSITION,argos_fixed_budget,local_refinement,4,pj_3,20,20,0.09929666281042462,-1.4830770888717842e-12,0.1076065953149173,-0.0017169470040244031,0.42437447084751867,-0.06757214665412903,0.6701931601860136
SERIOUS_DEVELOPMENT,CLEAN_J4_COMPOSITION,v3_fixed_probing,independent_exploration,4,max_pj,8,8,0.1512875418142256,0.13603555577282062,0.1512875418142256,0.08739881961613626,0.2379539888154904,0.0583181698795352,0.3103285444289732
SERIOUS_DEVELOPMENT,CLEAN_J4_COMPOSITION,v3_fixed_probing,independent_exploration,4,objective,8,8,10.210132581268555,9.950830597942087,10.210132581268555,2.647902756597138,20.252996661463207,1.9138164659917578,21.732737783066796
SERIOUS_DEVELOPMENT,CLEAN_J4_COMPOSITION,v3_fixed_probing,independent_exploration,4,p90,8,8,0.014804701685905475,-0.0028269425630569464,0.13815299777686596,-0.2179338225126266,0.27919696243405345,-0.29483058834075926,0.32294663953781133
SERIOUS_DEVELOPMENT,CLEAN_J4_COMPOSITION,v3_fixed_probing,independent_exploration,4,pj_0,8,8,0.12004614633605637,-2.351324498062364e-14,0.1200745471804466,-3.440737693836126e-05,0.4529242986319666,-0.00011227391951251775,0.5485341080356043
SERIOUS_DEVELOPMENT,CLEAN_J4_COMPOSITION,v3_fixed_probing,independent_exploration,4,pj_1,8,8,-8.628740495775482e-08,-5.731011151503181e-14,8.628740495775482e-08,-2.4035628953811283e-07,-1.1079121970677518e-30,-6.069340656722488e-07,-8.579925168267791e-38
SERIOUS_DEVELOPMENT,CLEAN_J4_COMPOSITION,v3_fixed_probing,independent_exploration,4,pj_2,8,8,0.1301196872090909,0.13599695583756893,0.13011968721644213,-8.821478039774374e-12,0.2379539888154904,-2.9404926410459e-11,0.3103285444289732
SERIOUS_DEVELOPMENT,CLEAN_J4_COMPOSITION,v3_fixed_probing,independent_exploration,4,pj_3,8,8,0.13057639027921997,0.143385156331802,0.13057639027921997,0.08281116062366294,0.1702684608468387,0.0583181698795352,0.17533178838527186
SERIOUS_DEVELOPMENT,CLEAN_J4_COMPOSITION,v3_fixed_probing,initial_v3_region_representative,4,max_pj,8,8,0.1510348250088625,0.0002699575866176307,0.15145073847848628,-0.0008318269392475486,0.5032500010068606,-0.0008318269392475486,0.5296126168941764
SERIOUS_DEVELOPMENT,CLEAN_J4_COMPOSITION,v3_fixed_probing,initial_v3_region_representative,4,objective,8,8,10.301814983567457,8.988202124947307,10.301814983567457,0.5160114647018375,20.86453030495849,0.5051593676883783,27.266105813196916
SERIOUS_DEVELOPMENT,CLEAN_J4_COMPOSITION,v3_fixed_probing,initial_v3_region_representative,4,p90,8,8,0.20510915872547775,0.153926285110414,0.20510915872547775,0.009197899065166713,0.41236116773411624,0.0038991253301501275,0.7451305685043335
SERIOUS_DEVELOPMENT,CLEAN_J4_COMPOSITION,v3_fixed_probing,initial_v3_region_representative,4,pj_0,8,8,0.08764974299835379,-3.0712561385640276e-25,0.08765011534375097,-4.964605295754154e-07,0.23712016359138596,-4.964605295754154e-07,0.2584263824445687
SERIOUS_DEVELOPMENT,CLEAN_J4_COMPOSITION,v3_fixed_probing,initial_v3_region_representative,4,pj_1,8,8,-9.303528993405647e-09,-2.063049857595927e-16,9.303528993405647e-09,-2.2372805388859434e-08,-2.0149462630047326e-35,-7.431739135199678e-08,0.0
SERIOUS_DEVELOPMENT,CLEAN_J4_COMPOSITION,v3_fixed_probing,initial_v3_region_representative,4,pj_2,8,8,0.15103517567363972,0.0002704251396539181,0.1514506215902272,-0.0008308918331749737,0.5032500010068606,-0.0008308918331749737,0.5296126168941764
SERIOUS_DEVELOPMENT,CLEAN_J4_COMPOSITION,v3_fixed_probing,initial_v3_region_representative,4,pj_3,8,8,0.0783512823431299,-2.403769405753221e-10,0.07897515266775403,-0.0008318269392475486,0.2690907285526744,-0.0008318269392475486,0.42855822369450136
SERIOUS_DEVELOPMENT,CLEAN_J4_COMPOSITION,v3_fixed_probing,local_refinement,4,max_pj,18,18,0.1551980251676214,0.11201876183052678,0.15521198646103285,-5.965446233126946e-16,0.40809325449285305,-0.00012565164070110768,0.46001427014587026
SERIOUS_DEVELOPMENT,CLEAN_J4_COMPOSITION,v3_fixed_probing,local_refinement,4,objective,18,18,11.815652789251292,8.956973801908362,11.815652789251292,1.1877258698465085,24.08173592432684,0.6038147371106959,29.314345542743368
SERIOUS_DEVELOPMENT,CLEAN_J4_COMPOSITION,v3_fixed_probing,local_refinement,4,p90,18,18,0.14614927550695014,0.10236873263120673,0.14697303895114203,0.0002063919577747586,0.3374086500167848,-0.007331699371337874,0.5805597095489503
SERIOUS_DEVELOPMENT,CLEAN_J4_COMPOSITION,v3_fixed_probing,local_refinement,4,pj_0,18,18,0.10699363947502782,-2.1529908140990533e-34,0.10700518274609769,-5.59030559088569e-06,0.3713079033999959,-8.704070205567405e-05,0.449633587102781
SERIOUS_DEVELOPMENT,CLEAN_J4_COMPOSITION,v3_fixed_probing,local_refinement,4,pj_1,18,18,-1.932941176416136e-09,-2.814011163302342e-15,1.932941176416136e-09,-5.751158926869946e-09,0.0,-1.794961512757709e-08,0.0
SERIOUS_DEVELOPMENT,CLEAN_J4_COMPOSITION,v3_fixed_probing,local_refinement,4,pj_2,18,18,0.140966711719711,0.061818725792550544,0.14098067302940193,-4.3955847947629467e-11,0.40483277351563524,-0.00012565164070110768,0.46001427014587026
SERIOUS_DEVELOPMENT,CLEAN_J4_COMPOSITION,v3_fixed_probing,local_refinement,4,pj_3,18,18,0.10670331123296095,-2.202943546623588e-34,0.11465911525482375,-0.0050273742992430915,0.3809609656223242,-0.05848705396056175,0.47985408792766715
SERIOUS_DEVELOPMENT,CLEAN_J4_COMPOSITION,v3_only,v3_endpoint,4,max_pj,2,2,0.5623800711638247,0.5623800711638247,0.5623800711638247,0.506037403876888,0.6187227384507613,0.4919517370551538,0.6328084052724955
SERIOUS_DEVELOPMENT,CLEAN_J4_COMPOSITION,v3_only,v3_endpoint,4,objective,2,2,29.485123758382976,29.485123758382976,29.485123758382976,27.70990940223413,31.260338114531823,27.266105813196916,31.704141703569036
SERIOUS_DEVELOPMENT,CLEAN_J4_COMPOSITION,v3_only,v3_endpoint,4,p90,2,2,0.16843463097698988,0.16843463097698988,0.16843463097698988,0.08738576754964889,0.24948349440433087,0.06712355169281363,0.2697457102611661
SERIOUS_DEVELOPMENT,CLEAN_J4_COMPOSITION,v3_only,v3_endpoint,4,pj_0,2,2,0.3933556746369269,0.3933556746369269,0.3933556746369269,0.2504984341144481,0.5362129151594057,0.2147841239838284,0.5719272252900254
SERIOUS_DEVELOPMENT,CLEAN_J4_COMPOSITION,v3_only,v3_endpoint,4,pj_1,2,2,0.31763066872991946,0.31763066872991946,0.31763066884075947,0.06352613365731193,0.5717352038025271,-1.1083997608629659e-10,0.6352613375706789
SERIOUS_DEVELOPMENT,CLEAN_J4_COMPOSITION,v3_only,v3_endpoint,4,pj_2,2,2,0.24597586642509206,0.24597586642509206,0.24597587063006177,0.04919516992104265,0.4427565629291415,-4.20496970576778e-09,0.4919517370551538
SERIOUS_DEVELOPMENT,CLEAN_J4_COMPOSITION,v3_only,v3_endpoint,4,pj_3,2,2,0.21427910832215202,0.21427910832215202,0.21427911537234934,0.042855816024272554,0.3857024006200315,-7.050197314839579e-09,0.42855822369450136
SERIOUS_DEVELOPMENT,ORIGINAL_W1,argos_early_stop,independent_exploration,4,max_pj,18,18,-0.00955762235854961,-0.01628965403908339,0.047015249408193655,-0.050211169763582975,0.049829409072856365,-0.18074245750904083,0.18845053587041682
SERIOUS_DEVELOPMENT,ORIGINAL_W1,argos_early_stop,independent_exploration,4,objective,18,18,-0.24591003847366405,-0.5502934551047431,1.1803367501788813,-1.2157727141074488,1.4187499780719983,-3.5525116440418287,3.8947226994603312
SERIOUS_DEVELOPMENT,ORIGINAL_W1,argos_early_stop,independent_exploration,4,p90,18,18,-0.0014030562366565856,-0.0011340468903072178,0.011785559487063446,-0.021330749106407178,0.007332106941193348,-0.042543470382690435,0.06904313850402843
SERIOUS_DEVELOPMENT,ORIGINAL_W1,argos_early_stop,independent_exploration,4,pj_0,18,18,-0.00955762235854961,-0.01628965403908339,0.047015249408193655,-0.050211169763582975,0.049829409072856365,-0.18074245750904083,0.18845053587041682
SERIOUS_DEVELOPMENT,ORIGINAL_W1,argos_early_stop,independent_exploration,4,pj_1,18,18,-4.11930380402506e-05,-4.456088277038361e-06,4.11930380402506e-05,-0.000130921600793954,-3.844613551519856e-15,-0.0002558270934969187,0.0
SERIOUS_DEVELOPMENT,ORIGINAL_W1,argos_early_stop,independent_exploration,4,pj_2,18,18,-0.00039196157884056106,-6.797278729209211e-06,0.00039196157884056106,-0.001488036091905087,-1.6563123051913974e-12,-0.002783582778647542,0.0
SERIOUS_DEVELOPMENT,ORIGINAL_W1,argos_early_stop,independent_exploration,4,pj_3,18,18,-0.0001124022249203941,-1.0784052761891871e-08,0.0001124022249203941,-6.351748152155777e-06,-6.930781918781889e-13,-0.0020016084890812635,0.0
SERIOUS_DEVELOPMENT,ORIGINAL_W1,argos_early_stop,initial_v3_region_representative,4,max_pj,30,30,-0.00751920096400703,-0.009711111049024446,0.020365306235051617,-0.0401639974362229,0.03106870843864844,-0.05735564976930618,0.06698971950122035
SERIOUS_DEVELOPMENT,ORIGINAL_W1,argos_early_stop,initial_v3_region_representative,4,objective,30,30,-0.4352472063193654,-0.19360348187170473,0.729096468387867,-1.0654458674175742,0.8057485536694261,-6.262543886417518,1.2753923915208532
SERIOUS_DEVELOPMENT,ORIGINAL_W1,argos_early_stop,initial_v3_region_representative,4,p90,30,30,-0.026401777116768062,-0.00031236713100224727,0.028961811944097283,-0.0018873370334506014,0.002793186103831978,-0.5962105922698975,0.018600689977407457
SERIOUS_DEVELOPMENT,ORIGINAL_W1,argos_early_stop,initial_v3_region_representative,4,pj_0,30,30,-0.00751920096400703,-0.009711111049024446,0.020365306235051617,-0.0401639974362229,0.03106870843864844,-0.05735564976930618,0.06698971950122035
SERIOUS_DEVELOPMENT,ORIGINAL_W1,argos_early_stop,initial_v3_region_representative,4,pj_1,30,30,-1.7061697593441967e-05,-8.437243934622529e-07,1.7061697593441967e-05,-2.1162386656214938e-05,-8.968503613412491e-23,-0.0002846823772415519,0.0
SERIOUS_DEVELOPMENT,ORIGINAL_W1,argos_early_stop,initial_v3_region_representative,4,pj_2,30,30,-4.8945656870099803e-05,-2.898331786127528e-06,4.8945656870099803e-05,-9.771517870831297e-05,-1.9466486171786722e-22,-0.0005290521658025682,-1.1514297774090475e-34
SERIOUS_DEVELOPMENT,ORIGINAL_W1,argos_early_stop,initial_v3_region_representative,4,pj_3,30,30,-9.205848075328922e-06,-1.4128749725728085e-08,9.205848075328922e-06,-8.68956715294189e-07,-6.073600192593538e-26,-0.0002702332567423582,0.0
SERIOUS_DEVELOPMENT,ORIGINAL_W1,argos_early_stop,local_refinement,4,max_pj,32,32,-0.007687628101372647,-0.0021335429628379643,0.03142041605120589,-0.06358314192929422,0.0365509140347379,-0.16603063865004397,0.10441481575636768
SERIOUS_DEVELOPMENT,ORIGINAL_W1,argos_early_stop,local_refinement,4,objective,32,32,-0.7615944797255305,-0.18655362710959622,1.3345876592686783,-1.8648680504877388,0.943993758265775,-17.653666883273985,2.3120178258400443
SERIOUS_DEVELOPMENT,ORIGINAL_W1,argos_early_stop,local_refinement,4,p90,32,32,-0.04854426237178269,0.0007479588873684408,0.05718625094421441,-0.0011812187927775085,0.0034051739752292633,-1.6367730293273928,0.1042165118455887
SERIOUS_DEVELOPMENT,ORIGINAL_W1,argos_early_stop,local_refinement,4,pj_0,32,32,-0.007687628101372647,-0.0021335429628379643,0.03142041605120589,-0.06358314192929422,0.0365509140347379,-0.16603063865004397,0.10441481575636768
SERIOUS_DEVELOPMENT,ORIGINAL_W1,argos_early_stop,local_refinement,4,pj_1,32,32,-1.5861548605693178e-05,-1.9722100574881551e-07,1.5861548605693178e-05,-1.747954893289716e-05,-1.7100532704592807e-20,-0.0002887468144763261,-1.74126564241769e-28
SERIOUS_DEVELOPMENT,ORIGINAL_W1,argos_early_stop,local_refinement,4,pj_2,32,32,-9.112753953115097e-05,-6.446901807066752e-06,9.112753953115097e-05,-0.00014010961676831358,-3.2357682189882734e-22,-0.0011319983750581741,-1.206919502518392e-32
SERIOUS_DEVELOPMENT,ORIGINAL_W1,argos_early_stop,local_refinement,4,pj_3,32,32,-7.93786290407203e-07,-5.711881989611811e-08,7.93786290407203e-07,-3.7612546464060867e-07,-5.361180492213337e-24,-1.9151277228957042e-05,-4.225198305188851e-31
SERIOUS_DEVELOPMENT,ORIGINAL_W1,argos_fixed_budget,independent_exploration,4,max_pj,32,32,-0.012514599194380267,-0.011274275161844538,0.045349354741539796,-0.0606968276478248,0.05923700796776955,-0.20696226776713944,0.18845053587041682
SERIOUS_DEVELOPMENT,ORIGINAL_W1,argos_fixed_budget,independent_exploration,4,objective,32,32,-0.35017602170004514,-0.3927147248258649,1.2268405907667144,-1.304119747513822,1.2274409097373322,-5.885530567414719,3.8947226994603312
SERIOUS_DEVELOPMENT,ORIGINAL_W1,argos_fixed_budget,independent_exploration,4,p90,32,32,-0.007980342269322135,-0.0011340468903072178,0.022168362779688318,-0.041479333615303045,0.010876660490781084,-0.16410806179046622,0.08872136020660393
SERIOUS_DEVELOPMENT,ORIGINAL_W1,argos_fixed_budget,independent_exploration,4,pj_0,32,32,-0.012514599194380267,-0.011274275161844538,0.045349354741539796,-0.0606968276478248,0.05923700796776955,-0.20696226776713944,0.18845053587041682
SERIOUS_DEVELOPMENT,ORIGINAL_W1,argos_fixed_budget,independent_exploration,4,pj_1,32,32,-2.7796306184356504e-05,-3.309496410253132e-08,2.7796306184356504e-05,-0.00011443309849710204,-1.7412384576253414e-25,-0.0002558270934969187,0.0
SERIOUS_DEVELOPMENT,ORIGINAL_W1,argos_fixed_budget,independent_exploration,4,pj_2,32,32,-0.00022675964611150625,-3.6862560648387444e-07,0.00022675964611150625,-0.0003050767205422744,-3.023894146035055e-26,-0.002783582778647542,0.0
SERIOUS_DEVELOPMENT,ORIGINAL_W1,argos_fixed_budget,independent_exploration,4,pj_3,32,32,-6.348390104561467e-05,-4.214612270292406e-10,6.348390104561467e-05,-3.5840541386278348e-06,-3.0557530497076834e-26,-0.0020016084890812635,0.0
SERIOUS_DEVELOPMENT,ORIGINAL_W1,argos_fixed_budget,initial_v3_region_representative,4,max_pj,28,28,-0.0073294491488308244,-0.00842953981102934,0.021093133367807167,-0.04147988837875727,0.031084289092792726,-0.05735564976930618,0.06698971950122035
SERIOUS_DEVELOPMENT,ORIGINAL_W1,argos_fixed_budget,initial_v3_region_representative,4,objective,28,28,-0.4525074723513412,-0.19136844733990444,0.7673459674247357,-1.0830132869734512,0.8381765406787992,-6.262543886417518,1.2753923915208532
SERIOUS_DEVELOPMENT,ORIGINAL_W1,argos_fixed_budget,initial_v3_region_representative,4,p90,28,28,-0.028239985637167203,-0.00031236713100224727,0.030982880095019937,-0.0030573870673775666,0.0029859249775297946,-0.5962105922698975,0.018600689977407457
SERIOUS_DEVELOPMENT,ORIGINAL_W1,argos_fixed_budget,initial_v3_region_representative,4,pj_0,28,28,-0.0073294491488308244,-0.00842953981102934,0.021093133367807167,-0.04147988837875727,0.031084289092792726,-0.05735564976930618,0.06698971950122035
SERIOUS_DEVELOPMENT,ORIGINAL_W1,argos_fixed_budget,initial_v3_region_representative,4,pj_1,28,28,-1.8257847510527725e-05,-1.2050483064740547e-06,1.8257847510527725e-05,-2.731041840888792e-05,-6.975802137025871e-23,-0.0002846823772415519,0.0
SERIOUS_DEVELOPMENT,ORIGINAL_W1,argos_fixed_budget,initial_v3_region_representative,4,pj_2,28,28,-5.223475151895497e-05,-2.642123149598774e-06,5.223475151895497e-05,-0.00013765560070169155,-1.5564770794450493e-22,-0.0005290521658025682,-1.1514297774090475e-34
SERIOUS_DEVELOPMENT,ORIGINAL_W1,argos_fixed_budget,initial_v3_region_representative,4,pj_3,28,28,-9.862433221925339e-06,-2.1041903330853984e-08,9.862433221925339e-06,-8.859478043632407e-07,-4.733904526201524e-26,-0.0002702332567423582,0.0
SERIOUS_DEVELOPMENT,ORIGINAL_W1,argos_fixed_budget,local_refinement,4,max_pj,76,76,-0.019301238116481666,-0.0021335429628379643,0.03791272049649869,-0.08205187432403782,0.036100792310644225,-0.3276244103908539,0.10441481575636768
SERIOUS_DEVELOPMENT,ORIGINAL_W1,argos_fixed_budget,local_refinement,4,objective,76,76,-0.7330176530173822,-0.1357977156439958,1.2255547097356552,-2.3938947726545905,0.9501509827100776,-17.653666883273985,2.3120178258400443
SERIOUS_DEVELOPMENT,ORIGINAL_W1,argos_fixed_budget,local_refinement,4,p90,76,76,-0.02504750363559365,0.0005393358916044233,0.040580886832034035,-0.015748826861381543,0.003370185405015944,-1.6367730293273928,0.3600541736483574
SERIOUS_DEVELOPMENT,ORIGINAL_W1,argos_fixed_budget,local_refinement,4,pj_0,76,76,-0.019301237859084098,-0.0021335429628379643,0.03791272023910113,-0.08205187432403782,0.036100792310644225,-0.3276244103908539,0.10441481575636768
SERIOUS_DEVELOPMENT,ORIGINAL_W1,argos_fixed_budget,local_refinement,4,pj_1,76,76,-9.546283954904916e-06,-6.246147421506976e-08,9.546283954904916e-06,-1.481143090131809e-05,-5.378001003409443e-23,-0.0002887468144763261,-8.274312634760119e-29
SERIOUS_DEVELOPMENT,ORIGINAL_W1,argos_fixed_budget,local_refinement,4,pj_2,76,76,-4.208168677771087e-05,-9.377327216952835e-07,4.208168677771087e-05,-4.817721855943091e-05,-1.7112550979027196e-21,-0.0011319983750581741,-1.206919502518392e-32
SERIOUS_DEVELOPMENT,ORIGINAL_W1,argos_fixed_budget,local_refinement,4,pj_3,76,76,-4.123135816605782e-07,-1.9847795629246434e-09,4.123135816605782e-07,-4.2146882606175495e-07,-1.1255390937403079e-28,-1.9151277228957042e-05,-4.996004573306412e-38
SERIOUS_DEVELOPMENT,ORIGINAL_W1,v3_fixed_probing,independent_exploration,4,max_pj,34,34,-0.014944118255770852,-0.015491356189004546,0.045847417594273944,-0.061196387373201586,0.058813854620724006,-0.20696226776713944,0.18845053587041682
SERIOUS_DEVELOPMENT,ORIGINAL_W1,v3_fixed_probing,independent_exploration,4,objective,34,34,-0.38937073686707974,-0.502684016785814,1.2144668018710036,-1.2746707363783643,1.224616488980395,-5.885530567414719,3.8947226994603312
SERIOUS_DEVELOPMENT,ORIGINAL_W1,v3_fixed_probing,independent_exploration,4,p90,34,34,-0.00744986482350813,-0.0008731155693531036,0.02092538698732524,-0.039351060080528265,0.009695142640918492,-0.16410806179046622,0.08872136020660393
SERIOUS_DEVELOPMENT,ORIGINAL_W1,v3_fixed_probing,independent_exploration,4,pj_0,34,34,-0.014944118255770852,-0.015491356189004546,0.045847417594273944,-0.061196387373201586,0.058813854620724006,-0.20696226776713944,0.18845053587041682
SERIOUS_DEVELOPMENT,ORIGINAL_W1,v3_fixed_probing,independent_exploration,4,pj_1,34,34,-2.635419246725823e-05,-1.6682681120983034e-06,2.635419246725823e-05,-0.00011231347089051269,-5.223636090691049e-25,-0.0002558270934969187,0.0
SERIOUS_DEVELOPMENT,ORIGINAL_W1,v3_fixed_probing,independent_exploration,4,pj_2,34,34,-0.00021349599467877377,-8.261819175459095e-07,0.00021349599467877377,-0.00027643333014566447,-8.967714441916434e-26,-0.002783582778647542,0.0
SERIOUS_DEVELOPMENT,ORIGINAL_W1,v3_fixed_probing,independent_exploration,4,pj_3,34,34,-5.974983448472935e-05,-2.62670538098142e-09,5.974983448472935e-05,-3.509149428282399e-06,-9.167259148928209e-26,-0.0020016084890812635,0.0
SERIOUS_DEVELOPMENT,ORIGINAL_W1,v3_fixed_probing,initial_v3_region_representative,4,max_pj,28,28,-0.0073294491488308244,-0.00842953981102934,0.021093133367807167,-0.04147988837875727,0.031084289092792726,-0.05735564976930618,0.06698971950122035
SERIOUS_DEVELOPMENT,ORIGINAL_W1,v3_fixed_probing,initial_v3_region_representative,4,objective,28,28,-0.4525074723513412,-0.19136844733990444,0.7673459674247357,-1.0830132869734512,0.8381765406787992,-6.262543886417518,1.2753923915208532
SERIOUS_DEVELOPMENT,ORIGINAL_W1,v3_fixed_probing,initial_v3_region_representative,4,p90,28,28,-0.028239985637167203,-0.00031236713100224727,0.030982880095019937,-0.0030573870673775666,0.0029859249775297946,-0.5962105922698975,0.018600689977407457
SERIOUS_DEVELOPMENT,ORIGINAL_W1,v3_fixed_probing,initial_v3_region_representative,4,pj_0,28,28,-0.0073294491488308244,-0.00842953981102934,0.021093133367807167,-0.04147988837875727,0.031084289092792726,-0.05735564976930618,0.06698971950122035
SERIOUS_DEVELOPMENT,ORIGINAL_W1,v3_fixed_probing,initial_v3_region_representative,4,pj_1,28,28,-1.8257847510527725e-05,-1.2050483064740547e-06,1.8257847510527725e-05,-2.731041840888792e-05,-6.975802137025871e-23,-0.0002846823772415519,0.0
SERIOUS_DEVELOPMENT,ORIGINAL_W1,v3_fixed_probing,initial_v3_region_representative,4,pj_2,28,28,-5.223475151895497e-05,-2.642123149598774e-06,5.223475151895497e-05,-0.00013765560070169155,-1.5564770794450493e-22,-0.0005290521658025682,-1.1514297774090475e-34
SERIOUS_DEVELOPMENT,ORIGINAL_W1,v3_fixed_probing,initial_v3_region_representative,4,pj_3,28,28,-9.862433221925339e-06,-2.1041903330853984e-08,9.862433221925339e-06,-8.859478043632407e-07,-4.733904526201524e-26,-0.0002702332567423582,0.0
SERIOUS_DEVELOPMENT,ORIGINAL_W1,v3_fixed_probing,local_refinement,4,max_pj,74,74,-0.009756636122592852,-0.00685938980677947,0.023963856296193475,-0.0363486270381979,0.02936907007194923,-0.16603063865004397,0.08399409059023799
SERIOUS_DEVELOPMENT,ORIGINAL_W1,v3_fixed_probing,local_refinement,4,objective,74,74,-1.0181195326552963,-0.24672257395032204,1.461436966426925,-1.9221168786531564,0.9402271794322005,-18.764348447793793,1.6625289658805826
SERIOUS_DEVELOPMENT,ORIGINAL_W1,v3_fixed_probing,local_refinement,4,p90,74,74,-0.07136102401734506,-8.281999453902235e-05,0.08603415025015537,-0.016150900232791893,0.004004242372512839,-1.8405545043945313,0.3612975304722786
SERIOUS_DEVELOPMENT,ORIGINAL_W1,v3_fixed_probing,local_refinement,4,pj_0,74,74,-0.009756636122592852,-0.00685938980677947,0.023963856296193475,-0.0363486270381979,0.02936907007194923,-0.16603063865004397,0.08399409059023799
SERIOUS_DEVELOPMENT,ORIGINAL_W1,v3_fixed_probing,local_refinement,4,pj_1,74,74,-2.2194944118103444e-05,-1.0626818607306632e-06,2.2194944118103444e-05,-4.044110828544944e-05,-4.973979841223395e-25,-0.00032139424001798034,0.0
SERIOUS_DEVELOPMENT,ORIGINAL_W1,v3_fixed_probing,local_refinement,4,pj_2,74,74,-9.18271625179207e-05,-5.4462277603306575e-06,9.18271625179207e-05,-0.00015650543355150148,-3.130821986188802e-23,-0.001312218839302659,-2.4518054223408923e-36
SERIOUS_DEVELOPMENT,ORIGINAL_W1,v3_fixed_probing,local_refinement,4,pj_3,74,74,-1.6793067011313717e-05,-8.714675203691513e-08,1.6793067011313717e-05,-1.8732493913375945e-06,-8.579977547994214e-29,-0.0008039741078391671,0.0
SERIOUS_DEVELOPMENT,ORIGINAL_W1,v3_only,v3_endpoint,4,max_pj,7,7,-0.006405908284775227,-0.014538722112774849,0.032390428770533254,-0.046085506677627563,0.0411695491198478,-0.046085506677627563,0.06698971950122035
SERIOUS_DEVELOPMENT,ORIGINAL_W1,v3_only,v3_endpoint,4,objective,7,7,-0.10980667198185959,-0.16342569078200597,0.5920513380688155,-0.8936199730231464,0.7576353204784372,-0.8973624177898145,1.2753923915208532
SERIOUS_DEVELOPMENT,ORIGINAL_W1,v3_only,v3_endpoint,4,p90,7,7,-0.0005888466409274508,-0.00030231201648712146,0.0005888466409274508,-0.0012749870121479033,-0.00025677034258842456,-0.0013023120164871215,-0.00025677034258842456
SERIOUS_DEVELOPMENT,ORIGINAL_W1,v3_only,v3_endpoint,4,pj_0,7,7,-0.006405908284775227,-0.014538722112774849,0.032390428770533254,-0.046085506677627563,0.0411695491198478,-0.046085506677627563,0.06698971950122035
SERIOUS_DEVELOPMENT,ORIGINAL_W1,v3_only,v3_endpoint,4,pj_1,7,7,-3.3574295100282015e-06,-1.4524989637720864e-06,3.3574295100282015e-06,-8.106847690214633e-06,-3.520462996675633e-07,-1.808837077987846e-05,-3.520462996675633e-07
SERIOUS_DEVELOPMENT,ORIGINAL_W1,v3_only,v3_endpoint,4,pj_2,7,7,-4.579449409902736e-06,-2.38591451307002e-06,4.579449409902736e-06,-9.377039941682596e-06,-1.6782247485025437e-06,-1.9863728084601462e-05,-1.6782247485025437e-06
SERIOUS_DEVELOPMENT,ORIGINAL_W1,v3_only,v3_endpoint,4,pj_3,7,7,-1.9176049421381386e-07,-1.4649201318661653e-07,1.9176049421381386e-07,-4.3207967621583514e-07,-1.4128749725728085e-08,-8.604611707596632e-07,-1.4128749725728085e-08
SERIOUS_DEVELOPMENT,ORIGINAL_W2,argos_early_stop,independent_exploration,4,max_pj,24,24,-0.019979029538060453,-4.186320552435063e-06,0.03439400578584872,-0.013584480870126425,0.006364230638351186,-0.5622838700878494,0.11758693094484807
SERIOUS_DEVELOPMENT,ORIGINAL_W2,argos_early_stop,independent_exploration,4,objective,24,24,-1.0875121004779633,-0.3257993465104505,1.9813570005913412,-2.060729237393516,1.2041598961969027,-16.687620457329984,4.396411713442404
SERIOUS_DEVELOPMENT,ORIGINAL_W2,argos_early_stop,independent_exploration,4,p90,24,24,-0.01242955384589735,-0.025091423034668048,0.06950489997615417,-0.12353450658321377,0.0624114378452301,-0.15570582866668703,0.3296380233764644
SERIOUS_DEVELOPMENT,ORIGINAL_W2,argos_early_stop,independent_exploration,4,pj_0,24,24,-0.0502230555660483,-0.003915933901990909,0.05043027203073275,-0.02317934325448023,0.0,-0.6205040812492371,0.002189421932219382
SERIOUS_DEVELOPMENT,ORIGINAL_W2,argos_early_stop,independent_exploration,4,pj_1,24,24,-0.003661147377015828,-7.83974082878558e-05,0.004738723631007051,-0.01164450216157683,-2.9239548780891797e-25,-0.0357236589961506,0.012930915047894675
SERIOUS_DEVELOPMENT,ORIGINAL_W2,argos_early_stop,independent_exploration,4,pj_2,24,24,0.005955706501930981,-4.204203428800079e-24,0.006810991134250426,-0.0013111389459523723,0.00811325646378783,-0.004938732231962284,0.11758693094484807
SERIOUS_DEVELOPMENT,ORIGINAL_W2,argos_early_stop,independent_exploration,4,pj_3,24,24,0.0012480582834936045,-2.397160645264999e-38,0.0033304977633832242,-0.0006975782828640308,0.006180087650662124,-0.02242862879580665,0.022993984446390003
SERIOUS_DEVELOPMENT,ORIGINAL_W2,argos_early_stop,initial_v3_region_representative,4,max_pj,28,28,0.022551762716994012,-1.1885323280473337e-33,0.027068954504838767,-0.0071610151790082455,0.08524387008640893,-0.013979911518629984,0.28208256595102676
SERIOUS_DEVELOPMENT,ORIGINAL_W2,argos_early_stop,initial_v3_region_representative,4,objective,28,28,0.6600088860558786,0.42588015481830155,1.1683103522774725,-0.5842864943559859,2.1829553503243235,-3.5815888880388798,6.28645403780024
SERIOUS_DEVELOPMENT,ORIGINAL_W2,argos_early_stop,initial_v3_region_representative,4,p90,28,28,0.06147569547553681,0.012254891285672777,0.06921322700421194,-0.00384222631007435,0.19365660849511623,-0.08777617454528808,0.21872052112221718
SERIOUS_DEVELOPMENT,ORIGINAL_W2,argos_early_stop,initial_v3_region_representative,4,pj_0,28,28,-0.01769970566645884,-0.0071610151790082455,0.01769970566645884,-0.020935281299286634,-9.959904810793987e-16,-0.16705955564975739,-1.846279181859487e-34
SERIOUS_DEVELOPMENT,ORIGINAL_W2,argos_early_stop,initial_v3_region_representative,4,pj_1,28,28,-0.00913452659847751,-0.00047681303112767637,0.016699930453169653,-0.020968017727136613,0.006571718426295206,-0.216279004530733,0.0599706514920475
SERIOUS_DEVELOPMENT,ORIGINAL_W2,argos_early_stop,initial_v3_region_representative,4,pj_2,28,28,0.012960500459443204,-1.4243989402086902e-19,0.020467067917360277,-0.009162986120082704,0.0216893934529811,-0.0282614566385746,0.3038368903872145
SERIOUS_DEVELOPMENT,ORIGINAL_W2,argos_early_stop,initial_v3_region_representative,4,pj_3,28,28,0.024745772153996808,0.0006898999455336452,0.033489287802448905,-0.0021652444587261007,0.09513699759687017,-0.1082162198900507,0.23641890354813688
SERIOUS_DEVELOPMENT,ORIGINAL_W2,argos_early_stop,local_refinement,4,max_pj,48,48,0.0017765211245370025,-0.0024405683263548084,0.03706312323359905,-0.021408659152929433,0.02100653147520625,-0.2689642222697397,0.45685091275504286
SERIOUS_DEVELOPMENT,ORIGINAL_W2,argos_early_stop,local_refinement,4,objective,48,48,0.02540117441841468,-0.1533983429759047,2.5445808719821055,-4.071317606508902,3.170987108990632,-13.670445264956868,14.230887708929572
SERIOUS_DEVELOPMENT,ORIGINAL_W2,argos_early_stop,local_refinement,4,p90,48,48,0.006047030361369246,2.7570424601435807e-05,0.05652890464353064,-0.10647979588508603,0.11688586094975477,-0.176388650894165,0.25804456520080565
SERIOUS_DEVELOPMENT,ORIGINAL_W2,argos_early_stop,local_refinement,4,pj_0,48,48,-0.020876956228965283,-3.3702867895613053e-05,0.02292688665680852,-0.017158050070747853,-1.1163254378738611e-24,-0.5049911227321592,0.04919833026823772
SERIOUS_DEVELOPMENT,ORIGINAL_W2,argos_early_stop,local_refinement,4,pj_1,48,48,0.004638363133855193,-3.5236490454337854e-06,0.02200071004796675,-0.019979190177545,0.004042428048226713,-0.15081289355695504,0.49812649924678665
SERIOUS_DEVELOPMENT,ORIGINAL_W2,argos_early_stop,local_refinement,4,pj_2,48,48,0.022763484859353183,-2.456438233602673e-22,0.03310082783530679,-0.0016631322332481325,0.035871831000660506,-0.13843396306037903,0.45685091275504286
SERIOUS_DEVELOPMENT,ORIGINAL_W2,argos_early_stop,local_refinement,4,pj_3,48,48,-0.010300323190863325,-8.067514791027897e-26,0.022893147398481178,-0.033896441015285717,0.016567903908869832,-0.2689642222697397,0.06799974176456469
SERIOUS_DEVELOPMENT,ORIGINAL_W2,argos_fixed_budget,independent_exploration,4,max_pj,32,32,-0.03578055122878292,-7.399951391562354e-05,0.04850723287419161,-0.13151144066080295,0.008111688295644574,-0.5622838700878494,0.11758693094484807
SERIOUS_DEVELOPMENT,ORIGINAL_W2,argos_fixed_budget,independent_exploration,4,objective,32,32,-1.467050417589681,-0.36193883397459814,2.1572815719119114,-5.828342937805535,0.8088741952855772,-16.687620457329984,4.396411713442404
SERIOUS_DEVELOPMENT,ORIGINAL_W2,argos_fixed_budget,independent_exploration,4,p90,32,32,-0.01847017549676823,-0.025091423034668048,0.062114897918421764,-0.11880607390403741,0.03753469634056101,-0.15570582866668703,0.3296380233764644
SERIOUS_DEVELOPMENT,ORIGINAL_W2,argos_fixed_budget,independent_exploration,4,pj_0,32,32,-0.052535570774930256,-0.006605033766108326,0.053035981373375306,-0.13618862849208743,0.0,-0.6205040812492371,0.005519971998907525
SERIOUS_DEVELOPMENT,ORIGINAL_W2,argos_fixed_budget,independent_exploration,4,pj_1,32,32,-0.011380515182622867,-4.5461269451152475e-06,0.014929799009901113,-0.020294379092422574,0.007893467272843522,-0.29835354510917533,0.018022240206836515
SERIOUS_DEVELOPMENT,ORIGINAL_W2,argos_fixed_budget,independent_exploration,4,pj_2,32,32,0.003481175102237815,-4.204203428800079e-24,0.00631526142507333,-0.0017813145065062152,0.006304706991348146,-0.03219466960642947,0.11758693094484807
SERIOUS_DEVELOPMENT,ORIGINAL_W2,argos_fixed_budget,independent_exploration,4,pj_3,32,32,0.001632853431444127,-2.2484483446662387e-30,0.0031967769060145604,-0.0004004737929790281,0.007333767212218213,-0.02242862879580665,0.022993984446390003
SERIOUS_DEVELOPMENT,ORIGINAL_W2,argos_fixed_budget,initial_v3_region_representative,4,max_pj,28,28,0.022551762716994012,-1.1885323280473337e-33,0.027068954504838767,-0.0071610151790082455,0.08524387008640893,-0.013979911518629984,0.28208256595102676
SERIOUS_DEVELOPMENT,ORIGINAL_W2,argos_fixed_budget,initial_v3_region_representative,4,objective,28,28,0.6600088860558786,0.42588015481830155,1.1683103522774725,-0.5842864943559859,2.1829553503243235,-3.5815888880388798,6.28645403780024
SERIOUS_DEVELOPMENT,ORIGINAL_W2,argos_fixed_budget,initial_v3_region_representative,4,p90,28,28,0.06147569547553681,0.012254891285672777,0.06921322700421194,-0.00384222631007435,0.19365660849511623,-0.08777617454528808,0.21872052112221718
SERIOUS_DEVELOPMENT,ORIGINAL_W2,argos_fixed_budget,initial_v3_region_representative,4,pj_0,28,28,-0.01769970566645884,-0.0071610151790082455,0.01769970566645884,-0.020935281299286634,-9.959904810793987e-16,-0.16705955564975739,-1.846279181859487e-34
SERIOUS_DEVELOPMENT,ORIGINAL_W2,argos_fixed_budget,initial_v3_region_representative,4,pj_1,28,28,-0.00913452659847751,-0.00047681303112767637,0.016699930453169653,-0.020968017727136613,0.006571718426295206,-0.216279004530733,0.0599706514920475
SERIOUS_DEVELOPMENT,ORIGINAL_W2,argos_fixed_budget,initial_v3_region_representative,4,pj_2,28,28,0.012960500459443204,-1.4243989402086902e-19,0.020467067917360277,-0.009162986120082704,0.0216893934529811,-0.0282614566385746,0.3038368903872145
SERIOUS_DEVELOPMENT,ORIGINAL_W2,argos_fixed_budget,initial_v3_region_representative,4,pj_3,28,28,0.024745772153996808,0.0006898999455336452,0.033489287802448905,-0.0021652444587261007,0.09513699759687017,-0.1082162198900507,0.23641890354813688
SERIOUS_DEVELOPMENT,ORIGINAL_W2,argos_fixed_budget,local_refinement,4,max_pj,72,72,0.0011038343160123224,-4.713562248070957e-05,0.03398192682308519,-0.023863676792273712,0.021443479498767758,-0.2689642222697397,0.45685091275504286
SERIOUS_DEVELOPMENT,ORIGINAL_W2,argos_fixed_budget,local_refinement,4,objective,72,72,-0.1405998973402303,-0.4098150479518736,2.568787493575097,-4.531382176096583,3.6168225998819086,-13.670445264956868,14.230887708929572
SERIOUS_DEVELOPMENT,ORIGINAL_W2,argos_fixed_budget,local_refinement,4,p90,72,72,-0.017855892259420632,-0.007112918853759753,0.07455668129999604,-0.13734629344940177,0.11207497344017027,-0.20817169380187983,0.25804456520080565
SERIOUS_DEVELOPMENT,ORIGINAL_W2,argos_fixed_budget,local_refinement,4,pj_0,72,72,-0.01968125291313616,-1.0419806795169961e-08,0.022242889641930576,-0.017599423122322443,-3.4938134313501716e-30,-0.5049911227321592,0.04919833026823772
SERIOUS_DEVELOPMENT,ORIGINAL_W2,argos_fixed_budget,local_refinement,4,pj_1,72,72,0.004031205966622414,-9.49041234488135e-10,0.01680795197276335,-0.014620699902057162,0.003131225629555034,-0.15081289355695504,0.49812649924678665
SERIOUS_DEVELOPMENT,ORIGINAL_W2,argos_fixed_budget,local_refinement,4,pj_2,72,72,0.011564335979327364,-8.901110142912018e-19,0.02889916604658927,-0.003028666301880645,0.023887476521319843,-0.16233124790387587,0.45685091275504286
SERIOUS_DEVELOPMENT,ORIGINAL_W2,argos_fixed_budget,local_refinement,4,pj_3,72,72,0.003956398404358057,-2.1388698032057075e-23,0.02889988866757635,-0.006261996859293183,0.020185178384203244,-0.2689642222697397,0.41474916789856253
SERIOUS_DEVELOPMENT,ORIGINAL_W2,v3_fixed_probing,independent_exploration,4,max_pj,32,32,-0.03578055122878292,-7.399951391562354e-05,0.04850723287419161,-0.13151144066080295,0.008111688295644574,-0.5622838700878494,0.11758693094484807
SERIOUS_DEVELOPMENT,ORIGINAL_W2,v3_fixed_probing,independent_exploration,4,objective,32,32,-1.467050417589681,-0.36193883397459814,2.1572815719119114,-5.828342937805535,0.8088741952855772,-16.687620457329984,4.396411713442404
SERIOUS_DEVELOPMENT,ORIGINAL_W2,v3_fixed_probing,independent_exploration,4,p90,32,32,-0.01847017549676823,-0.025091423034668048,0.062114897918421764,-0.11880607390403741,0.03753469634056101,-0.15570582866668703,0.3296380233764644
SERIOUS_DEVELOPMENT,ORIGINAL_W2,v3_fixed_probing,independent_exploration,4,pj_0,32,32,-0.052535570774930256,-0.006605033766108326,0.053035981373375306,-0.13618862849208743,0.0,-0.6205040812492371,0.005519971998907525
SERIOUS_DEVELOPMENT,ORIGINAL_W2,v3_fixed_probing,independent_exploration,4,pj_1,32,32,-0.011380515182622867,-4.5461269451152475e-06,0.014929799009901113,-0.020294379092422574,0.007893467272843522,-0.29835354510917533,0.018022240206836515
SERIOUS_DEVELOPMENT,ORIGINAL_W2,v3_fixed_probing,independent_exploration,4,pj_2,32,32,0.003481175102237815,-4.204203428800079e-24,0.00631526142507333,-0.0017813145065062152,0.006304706991348146,-0.03219466960642947,0.11758693094484807
SERIOUS_DEVELOPMENT,ORIGINAL_W2,v3_fixed_probing,independent_exploration,4,pj_3,32,32,0.001632853431444127,-2.2484483446662387e-30,0.0031967769060145604,-0.0004004737929790281,0.007333767212218213,-0.02242862879580665,0.022993984446390003
SERIOUS_DEVELOPMENT,ORIGINAL_W2,v3_fixed_probing,initial_v3_region_representative,4,max_pj,28,28,0.022551762716994012,-1.1885323280473337e-33,0.027068954504838767,-0.0071610151790082455,0.08524387008640893,-0.013979911518629984,0.28208256595102676
SERIOUS_DEVELOPMENT,ORIGINAL_W2,v3_fixed_probing,initial_v3_region_representative,4,objective,28,28,0.6600088860558786,0.42588015481830155,1.1683103522774725,-0.5842864943559859,2.1829553503243235,-3.5815888880388798,6.28645403780024
SERIOUS_DEVELOPMENT,ORIGINAL_W2,v3_fixed_probing,initial_v3_region_representative,4,p90,28,28,0.06147569547553681,0.012254891285672777,0.06921322700421194,-0.00384222631007435,0.19365660849511623,-0.08777617454528808,0.21872052112221718
SERIOUS_DEVELOPMENT,ORIGINAL_W2,v3_fixed_probing,initial_v3_region_representative,4,pj_0,28,28,-0.01769970566645884,-0.0071610151790082455,0.01769970566645884,-0.020935281299286634,-9.959904810793987e-16,-0.16705955564975739,-1.846279181859487e-34
SERIOUS_DEVELOPMENT,ORIGINAL_W2,v3_fixed_probing,initial_v3_region_representative,4,pj_1,28,28,-0.00913452659847751,-0.00047681303112767637,0.016699930453169653,-0.020968017727136613,0.006571718426295206,-0.216279004530733,0.0599706514920475
SERIOUS_DEVELOPMENT,ORIGINAL_W2,v3_fixed_probing,initial_v3_region_representative,4,pj_2,28,28,0.012960500459443204,-1.4243989402086902e-19,0.020467067917360277,-0.009162986120082704,0.0216893934529811,-0.0282614566385746,0.3038368903872145
SERIOUS_DEVELOPMENT,ORIGINAL_W2,v3_fixed_probing,initial_v3_region_representative,4,pj_3,28,28,0.024745772153996808,0.0006898999455336452,0.033489287802448905,-0.0021652444587261007,0.09513699759687017,-0.1082162198900507,0.23641890354813688
SERIOUS_DEVELOPMENT,ORIGINAL_W2,v3_fixed_probing,local_refinement,4,max_pj,72,72,0.00023385041343963338,-9.943818691442001e-08,0.007859196027472268,-0.009838709290945647,0.006060525408788464,-0.0620647631585598,0.17079617417883386
SERIOUS_DEVELOPMENT,ORIGINAL_W2,v3_fixed_probing,local_refinement,4,objective,72,72,-0.3103281691870805,-0.17790778572043564,1.6674808854545675,-3.274114553161581,1.6442428203278294,-12.140167861390694,13.203441977915162
SERIOUS_DEVELOPMENT,ORIGINAL_W2,v3_fixed_probing,local_refinement,4,p90,72,72,-0.00493429607897996,9.034653753042235e-05,0.04094958366774436,-0.06098270587921138,0.07403766440153138,-0.39903613758087153,0.2877436847686772
SERIOUS_DEVELOPMENT,ORIGINAL_W2,v3_fixed_probing,local_refinement,4,pj_0,72,72,-0.005007861118224262,-0.0038902964331902212,0.015925659810853234,-0.016460575060126912,-2.694677076708625e-35,-0.17021700084951474,0.2044601026875924
SERIOUS_DEVELOPMENT,ORIGINAL_W2,v3_fixed_probing,local_refinement,4,pj_1,72,72,-0.0036837299901913917,-1.8650146090838909e-13,0.01577626262486369,-0.03544375720365534,0.004824268502141804,-0.15081289355695504,0.13784262160627025
SERIOUS_DEVELOPMENT,ORIGINAL_W2,v3_fixed_probing,local_refinement,4,pj_2,72,72,-0.0034268803126312314,-1.0514377564961757e-24,0.020259127524950276,-0.005039842450177745,0.0071140085634167835,-0.37797472487800077,0.33988271644512213
SERIOUS_DEVELOPMENT,ORIGINAL_W2,v3_fixed_probing,local_refinement,4,pj_3,72,72,-0.0007526676372207149,-3.836238784143931e-26,0.018813247490625424,-0.01078322473337293,0.0137365314883855,-0.2776861786842346,0.2237087689457139
SERIOUS_DEVELOPMENT,ORIGINAL_W2,v3_only,v3_endpoint,4,max_pj,8,8,0.04920617455759975,0.03413041365704439,0.05573357931343052,-0.012976924858832384,0.11626502514853904,-0.013249521143734455,0.20463299104719568
SERIOUS_DEVELOPMENT,ORIGINAL_W2,v3_only,v3_endpoint,4,objective,8,8,1.1862083906272112,0.9812070642982675,1.2923185041942737,-0.05330330183626014,2.753678100988601,-0.4244404542682503,4.206944595650199
SERIOUS_DEVELOPMENT,ORIGINAL_W2,v3_only,v3_endpoint,4,p90,8,8,0.09245530824363232,0.0988303073644638,0.09245530824363232,0.05435714839696885,0.12725131025314332,0.020830307364463813,0.12807650470733645
SERIOUS_DEVELOPMENT,ORIGINAL_W2,v3_only,v3_endpoint,4,pj_0,8,8,-0.007485326728783548,-0.00732943182811141,0.007485326728783548,-0.00788515731692314,-0.00714785410091281,-0.008881406858563423,-0.007024616003036499
SERIOUS_DEVELOPMENT,ORIGINAL_W2,v3_only,v3_endpoint,4,pj_1,8,8,-0.007314863339330652,-0.011375556212872284,0.010871986771104347,-0.013594141416251659,0.0037333646633290725,-0.01439825538545847,0.014228493727094782
SERIOUS_DEVELOPMENT,ORIGINAL_W2,v3_only,v3_endpoint,4,pj_2,8,8,0.009561444455626289,-0.008735332638025284,0.025851534594468734,-0.01339554600417614,0.06631164793863949,-0.01339554600417614,0.08211173350406642
SERIOUS_DEVELOPMENT,ORIGINAL_W2,v3_only,v3_endpoint,4,pj_3,8,8,0.037441217960608036,0.012249459065901303,0.04185435179695937,-0.005884178448468447,0.09939898494072798,-0.005884178448468447,0.20820916495992947
